City/Town,Ward,Pct,"Baker and Polito","Gonzalez and Palfrey","All Others",Blanks,"Total Votes Cast"
,,,Republican,Democratic
Abington,-,1,984,311,3,45,"1,343"
Abington,-,2,967,330,2,62,"1,361"
Abington,-,3,"1,047",325,6,68,"1,446"
Abington,-,4,"1,247",350,1,68,"1,666"
Abington,-,5,"1,167",370,4,55,"1,596"
Acton,-,1,"1,074",649,3,40,"1,766"
Acton,-,2,"1,230",666,2,43,"1,941"
Acton,-,3,"1,141",732,6,39,"1,918"
Acton,-,4,"1,159",790,6,36,"1,991"
Acton,-,5,"1,152",707,0,44,"1,903"
Acton,-,6,"1,018",597,5,45,"1,665"
Acushnet,-,1,882,341,0,46,"1,269"
Acushnet,-,2,"1,126",338,8,52,"1,524"
Acushnet,-,3,"1,134",316,4,50,"1,504"
Adams,-,1,294,243,0,11,548
Adams,-,2,364,268,0,22,654
Adams,-,3,396,241,1,22,660
Adams,-,4,325,241,1,7,574
Adams,-,5,453,284,0,18,755
Agawam,-,1,974,252,2,25,"1,253"
Agawam,-,2,"1,418",274,3,54,"1,749"
Agawam,-,3,"1,127",281,2,48,"1,458"
Agawam,-,4,959,249,7,27,"1,242"
Agawam,-,5,"1,389",307,8,56,"1,760"
Agawam,-,6,"1,131",242,7,31,"1,411"
Agawam,-,7,"1,218",258,13,52,"1,541"
Agawam,-,8,"1,320",272,8,46,"1,646"
Alford,-,1,98,158,0,5,261
Amesbury,-,1,"1,077",371,2,31,"1,481"
Amesbury,-,2,834,422,4,42,"1,302"
Amesbury,-,3,911,409,5,29,"1,354"
Amesbury,-,4,750,296,2,30,"1,078"
Amesbury,-,5,"1,068",311,6,44,"1,429"
Amesbury,-,6,750,401,2,29,"1,182"
Amherst,-,1,234,617,0,24,875
Amherst,-,2,444,828,2,31,"1,305"
Amherst,-,3,226,452,1,17,696
Amherst,-,4,228,414,0,19,661
Amherst,-,5,337,633,2,22,994
Amherst,-,6,458,985,1,34,"1,478"
Amherst,-,7,460,940,2,20,"1,422"
Amherst,-,8,599,"1,033",3,33,"1,668"
Amherst,-,9,327,855,2,27,"1,211"
Amherst,-,10,241,565,1,20,827
Andover,-,1,969,514,4,28,"1,515"
Andover,-,2,"1,414",478,7,46,"1,945"
Andover,-,3,"1,290",550,5,52,"1,897"
Andover,-,4,"1,394",425,8,37,"1,864"
Andover,-,5,"1,456",439,4,46,"1,945"
Andover,-,6,"1,320",434,7,55,"1,816"
Andover,-,7,"1,085",343,4,32,"1,464"
Andover,-,7A,275,87,2,12,376
Andover,-,8,"1,297",494,5,46,"1,842"
Andover,-,9,"1,393",422,8,46,"1,869"
Aquinnah,-,1,106,156,0,5,267
Arlington,-,1,376,444,2,17,839
Arlington,-,2,601,608,1,33,"1,243"
Arlington,-,3,470,731,1,25,"1,227"
Arlington,-,4,414,676,4,26,"1,120"
Arlington,-,5,497,593,2,24,"1,116"
Arlington,-,6,439,653,0,25,"1,117"
Arlington,-,7,450,555,2,30,"1,037"
Arlington,-,8,508,713,2,48,"1,271"
Arlington,-,9,533,528,5,31,"1,097"
Arlington,-,10,521,671,2,33,"1,227"
Arlington,-,11,664,566,2,28,"1,260"
Arlington,-,12,677,655,1,34,"1,367"
Arlington,-,13,774,368,4,29,"1,175"
Arlington,-,14,497,579,1,31,"1,108"
Arlington,-,15,630,557,2,38,"1,227"
Arlington,-,16,573,533,0,33,"1,139"
Arlington,-,17,456,537,4,36,"1,033"
Arlington,-,18,733,473,2,53,"1,261"
Arlington,-,19,619,557,0,26,"1,202"
Arlington,-,20,527,580,2,32,"1,141"
Arlington,-,21,557,565,1,31,"1,154"
Ashburnham,-,1,"2,087",661,11,90,"2,849"
Ashby,-,1,"1,247",308,0,48,"1,603"
Ashfield,-,1,450,586,0,15,"1,051"
Ashland,-,1,"1,008",468,0,31,"1,507"
Ashland,-,2,"1,202",425,0,34,"1,661"
Ashland,-,3,"1,067",434,0,31,"1,532"
Ashland,-,4,"1,040",424,0,31,"1,495"
Ashland,-,5,"1,121",455,0,48,"1,624"
Athol,-,1,"1,075",310,6,23,"1,414"
Athol,-,2,981,259,4,21,"1,265"
Athol,-,3,937,267,5,27,"1,236"
Attleboro,1,A,848,283,0,0,"1,131"
Attleboro,1,B,824,299,0,29,"1,152"
Attleboro,2,A,"1,093",409,4,22,"1,528"
Attleboro,2,B,"1,103",419,0,31,"1,553"
Attleboro,3,A,943,375,0,17,"1,335"
Attleboro,3,B,999,404,0,30,"1,433"
Attleboro,4,A,671,366,2,25,"1,064"
Attleboro,4,B,"1,386",477,0,29,"1,892"
Attleboro,5,A,438,326,0,0,764
Attleboro,5,B,926,443,3,32,"1,404"
Attleboro,6,A,853,339,2,25,"1,219"
Attleboro,6,B,983,439,2,34,"1,458"
Auburn,-,1,"1,296",302,5,32,"1,635"
Auburn,-,2,"1,235",338,1,33,"1,607"
Auburn,-,3,"1,294",305,4,32,"1,635"
Auburn,-,4,"1,111",302,4,34,"1,451"
Auburn,-,5,"1,089",297,0,30,"1,416"
Avon,-,1,"1,339",538,3,70,"1,950"
Ayer,-,1,"1,152",451,9,43,"1,655"
Ayer,-,2,"1,244",476,2,35,"1,757"
Barnstable,-,1,"1,595",513,0,61,"2,169"
Barnstable,-,2,"1,435",413,5,55,"1,908"
Barnstable,-,3,913,400,2,34,"1,349"
Barnstable,-,4,"1,314",404,8,52,"1,778"
Barnstable,-,5,"1,621",358,2,49,"2,030"
Barnstable,-,6,"1,453",391,5,53,"1,902"
Barnstable,-,7,"1,643",483,5,54,"2,185"
Barnstable,-,8,806,380,2,31,"1,219"
Barnstable,-,9,481,273,2,24,780
Barnstable,-,10,"1,263",365,3,47,"1,678"
Barnstable,-,11,"1,555",436,3,72,"2,066"
Barnstable,-,12,"1,433",414,6,54,"1,907"
Barnstable,-,13,912,363,4,32,"1,311"
Barre,-,1,851,320,6,29,"1,206"
Barre,-,2,821,213,6,29,"1,069"
Becket,-,1,425,356,3,21,805
Bedford,-,1,"1,262",581,7,41,"1,891"
Bedford,-,2,"1,096",514,12,53,"1,675"
Bedford,-,3,"1,163",562,4,36,"1,765"
Bedford,-,4,"1,055",486,7,47,"1,595"
Belchertown,-,A,"1,128",606,1,33,"1,768"
Belchertown,-,B,"1,187",484,1,51,"1,723"
Belchertown,-,C,"1,343",438,5,69,"1,855"
Belchertown,-,D,"1,008",721,3,36,"1,768"
Bellingham,-,1,"1,027",318,6,40,"1,391"
Bellingham,-,2,"1,191",298,5,49,"1,543"
Bellingham,-,3,"1,119",323,5,27,"1,474"
Bellingham,-,4,997,236,15,28,"1,276"
Bellingham,-,4A,136,27,0,4,167
Bellingham,-,5,"1,087",260,2,36,"1,385"
Belmont,-,1,897,706,6,46,"1,655"
Belmont,-,2,"1,129",561,4,40,"1,734"
Belmont,-,3,921,612,6,39,"1,578"
Belmont,-,4,725,639,1,31,"1,396"
Belmont,-,5,817,685,1,49,"1,552"
Belmont,-,6,875,764,7,34,"1,680"
Belmont,-,7,766,794,2,46,"1,608"
Belmont,-,8,"1,087",638,4,59,"1,788"
Berkley,-,1,"1,183",357,13,64,"1,617"
Berkley,-,2,959,276,1,37,"1,273"
Berlin,-,1,"1,259",457,6,38,"1,760"
Bernardston,-,1,687,347,2,16,"1,052"
Beverly,1,1,"1,044",356,3,49,"1,452"
Beverly,1,2,"1,195",397,2,55,"1,649"
Beverly,2,1,835,608,1,46,"1,490"
Beverly,2,2,988,659,1,52,"1,700"
Beverly,3,1,764,454,2,25,"1,245"
Beverly,3,2,976,415,0,43,"1,434"
Beverly,4,1,735,294,1,36,"1,066"
Beverly,4,2,"1,280",663,1,50,"1,994"
Beverly,5,1,"1,179",385,1,52,"1,617"
Beverly,5,2,"1,209",384,0,48,"1,641"
Beverly,6,1,"1,303",458,2,42,"1,805"
Beverly,6,2,"1,427",385,2,66,"1,880"
Billerica,-,1,"1,189",419,10,56,"1,674"
Billerica,-,2,"1,310",401,6,41,"1,758"
Billerica,-,3,"1,187",409,9,46,"1,651"
Billerica,-,4,"1,072",288,5,49,"1,414"
Billerica,-,5,"1,376",322,16,91,"1,805"
Billerica,-,6,"1,102",352,6,50,"1,510"
Billerica,-,7,"1,109",414,9,53,"1,585"
Billerica,-,8,"1,320",389,10,79,"1,798"
Billerica,-,9,"1,187",349,10,73,"1,619"
Billerica,-,10,"1,310",334,15,66,"1,725"
Billerica,-,11,"1,148",335,5,47,"1,535"
Blackstone,-,1,831,230,1,23,"1,085"
Blackstone,-,2,988,268,2,30,"1,288"
Blackstone,-,3,948,242,4,30,"1,224"
Blandford,-,1,470,106,0,28,604
Bolton,-,1,"2,058",796,23,75,"2,952"
Boston,1,1,430,421,1,16,868
Boston,1,2,248,324,0,9,581
Boston,1,3,605,715,4,25,"1,349"
Boston,1,4,237,278,4,15,534
Boston,1,5,334,330,4,18,686
Boston,1,6,262,302,2,16,582
Boston,1,7,255,316,4,16,591
Boston,1,8,355,405,5,14,779
Boston,1,9,273,301,6,14,594
Boston,1,10,170,179,0,21,370
Boston,1,11,505,313,1,32,851
Boston,1,12,530,275,4,17,826
Boston,1,13,559,403,4,30,996
Boston,1,14,262,169,5,14,450
Boston,1,15,1,1,0,0,2
Boston,2,1,"1,021",384,8,45,"1,458"
Boston,2,2,970,603,5,47,"1,625"
Boston,2,3,729,298,0,20,"1,047"
Boston,2,4,570,300,3,28,901
Boston,2,5,767,323,3,23,"1,116"
Boston,2,6,871,374,3,34,"1,282"
Boston,2,7,675,381,3,20,"1,079"
Boston,3,1,"1,340",557,5,45,"1,947"
Boston,3,2,618,334,3,16,971
Boston,3,3,709,384,4,16,"1,113"
Boston,3,4,756,496,2,27,"1,281"
Boston,3,5,"1,093",839,3,37,"1,972"
Boston,3,6,"1,627",988,10,48,"2,673"
Boston,3,7,"1,321","1,032",3,26,"2,382"
Boston,3,8,"1,533","1,410",6,61,"3,010"
Boston,4,1,694,546,1,26,"1,267"
Boston,4,2,"1,062",726,2,38,"1,828"
Boston,4,3,473,363,0,17,853
Boston,4,4,622,525,1,19,"1,167"
Boston,4,5,386,445,0,21,852
Boston,4,6,308,391,2,20,721
Boston,4,7,272,397,1,9,679
Boston,4,8,265,453,3,16,737
Boston,4,9,126,259,0,4,389
Boston,4,10,109,218,1,6,334
Boston,5,1,"1,378","1,055",2,33,"2,468"
Boston,5,2,369,530,1,16,916
Boston,5,2A,246,313,2,7,568
Boston,5,3,715,408,5,21,"1,149"
Boston,5,4,735,655,3,17,"1,410"
Boston,5,5,348,133,1,9,491
Boston,5,6,768,390,2,13,"1,173"
Boston,5,7,881,497,1,21,"1,400"
Boston,5,8,751,494,0,21,"1,266"
Boston,5,9,957,683,2,27,"1,669"
Boston,5,10,430,494,1,23,948
Boston,5,11,523,251,7,15,796
Boston,6,1,"1,964","1,284",12,45,"3,305"
Boston,6,2,503,288,2,22,815
Boston,6,3,736,375,6,23,"1,140"
Boston,6,4,766,345,6,24,"1,141"
Boston,6,5,694,344,5,37,"1,080"
Boston,6,6,673,224,6,47,950
Boston,6,7,795,256,3,23,"1,077"
Boston,6,8,677,257,5,25,964
Boston,6,9,651,197,9,43,900
Boston,7,1,649,200,0,34,883
Boston,7,2,787,282,11,30,"1,110"
Boston,7,3,875,347,3,34,"1,259"
Boston,7,4,600,321,2,42,965
Boston,7,5,580,321,2,17,920
Boston,7,6,431,337,0,16,784
Boston,7,7,225,252,1,16,494
Boston,7,8,386,282,2,22,692
Boston,7,9,342,315,4,13,674
Boston,7,10,208,340,2,7,557
Boston,8,1,294,386,3,10,693
Boston,8,2,596,762,7,23,"1,388"
Boston,8,3,185,341,6,17,549
Boston,8,4,106,204,2,7,319
Boston,8,5,231,389,0,12,632
Boston,8,6,95,126,0,7,228
Boston,8,7,148,268,0,5,421
Boston,9,1,503,527,1,25,"1,056"
Boston,9,2,651,704,3,23,"1,381"
Boston,9,3,496,971,5,24,"1,496"
Boston,9,4,317,507,1,23,848
Boston,9,5,345,634,4,43,"1,026"
Boston,10,1,206,270,1,15,492
Boston,10,2,160,268,2,10,440
Boston,10,3,154,306,0,20,480
Boston,10,4,376,482,0,27,885
Boston,10,5,190,417,3,17,627
Boston,10,6,182,473,0,14,669
Boston,10,7,251,633,2,17,903
Boston,10,8,364,786,3,18,"1,171"
Boston,10,9,430,895,4,11,"1,340"
Boston,11,1,174,340,4,7,525
Boston,11,2,243,505,0,150,898
Boston,11,3,184,418,0,18,620
Boston,11,4,330,759,5,29,"1,123"
Boston,11,5,267,590,2,21,880
Boston,11,6,219,583,1,20,823
Boston,11,7,288,734,2,18,"1,042"
Boston,11,8,342,925,1,19,"1,287"
Boston,11,9,212,549,0,11,772
Boston,11,10,218,703,5,26,952
Boston,12,1,280,534,4,29,847
Boston,12,2,331,607,0,26,964
Boston,12,3,169,306,0,7,482
Boston,12,4,184,327,0,11,522
Boston,12,5,130,220,1,9,360
Boston,12,6,148,297,0,18,463
Boston,12,7,308,570,1,20,899
Boston,12,8,126,236,4,14,380
Boston,12,9,167,310,2,17,496
Boston,13,1,218,387,3,19,627
Boston,13,2,83,152,2,7,244
Boston,13,3,240,383,0,15,638
Boston,13,4,186,275,0,8,469
Boston,13,5,211,309,1,14,535
Boston,13,6,335,400,4,15,754
Boston,13,7,433,410,7,15,865
Boston,13,8,340,350,6,16,712
Boston,13,9,371,376,3,25,775
Boston,13,10,652,479,2,35,"1,168"
Boston,14,1,342,616,4,28,990
Boston,14,2,367,688,0,32,"1,087"
Boston,14,3,190,309,0,12,511
Boston,14,4,226,351,1,11,589
Boston,14,5,175,257,0,18,450
Boston,14,6,178,289,0,11,478
Boston,14,7,180,290,0,12,482
Boston,14,8,230,358,0,23,611
Boston,14,9,159,314,1,16,490
Boston,14,10,202,348,2,23,575
Boston,14,11,186,335,0,19,540
Boston,14,12,119,201,0,14,334
Boston,14,13,181,306,2,13,502
Boston,14,14,196,371,1,21,589
Boston,15,1,255,378,0,24,657
Boston,15,2,153,254,4,11,422
Boston,15,3,102,174,2,13,291
Boston,15,4,302,554,4,31,891
Boston,15,5,177,350,0,16,543
Boston,15,6,231,134,3,12,380
Boston,15,7,170,295,2,23,490
Boston,15,8,214,217,1,15,447
Boston,15,9,190,271,2,21,484
Boston,16,1,244,264,0,15,523
Boston,16,2,287,219,4,16,526
Boston,16,3,312,417,2,23,754
Boston,16,4,323,329,0,17,669
Boston,16,5,442,333,2,21,798
Boston,16,6,427,504,0,22,953
Boston,16,7,536,250,4,33,823
Boston,16,8,541,365,3,29,938
Boston,16,9,704,253,6,41,"1,004"
Boston,16,10,509,244,4,23,780
Boston,16,11,572,350,2,35,959
Boston,16,12,663,163,2,35,863
Boston,17,1,220,287,1,13,521
Boston,17,2,156,255,2,10,423
Boston,17,3,345,557,2,25,929
Boston,17,4,503,543,3,25,"1,074"
Boston,17,5,147,238,2,10,397
Boston,17,6,257,423,3,16,699
Boston,17,7,139,222,2,8,371
Boston,17,8,240,395,2,13,650
Boston,17,9,219,365,1,11,596
Boston,17,10,297,446,5,18,766
Boston,17,11,80,225,2,4,311
Boston,17,12,239,316,0,17,572
Boston,17,13,403,390,4,24,821
Boston,17,14,348,455,3,17,823
Boston,18,1,432,629,0,13,"1,074"
Boston,18,2,298,423,2,16,739
Boston,18,3,350,508,0,15,873
Boston,18,4,363,474,1,18,856
Boston,18,5,396,526,3,33,958
Boston,18,6,499,686,0,27,"1,212"
Boston,18,7,379,476,1,18,874
Boston,18,8,571,830,3,43,"1,447"
Boston,18,9,429,529,2,20,980
Boston,18,10,590,825,4,31,"1,450"
Boston,18,11,338,431,0,10,779
Boston,18,12,496,431,8,31,966
Boston,18,13,219,303,0,20,542
Boston,18,14,200,312,1,13,526
Boston,18,15,311,503,0,25,839
Boston,18,16,671,391,3,44,"1,109"
Boston,18,17,446,444,7,15,912
Boston,18,18,540,575,1,46,"1,162"
Boston,18,19,739,741,3,29,"1,512"
Boston,18,20,802,511,3,47,"1,363"
Boston,18,21,413,566,3,18,"1,000"
Boston,18,22,615,474,2,34,"1,125"
Boston,18,23,299,448,0,16,763
Boston,19,1,238,781,2,12,"1,033"
Boston,19,2,623,533,3,26,"1,185"
Boston,19,3,345,495,0,10,850
Boston,19,4,310,879,2,22,"1,213"
Boston,19,5,304,631,4,20,959
Boston,19,6,414,895,1,18,"1,328"
Boston,19,7,359,857,3,24,"1,243"
Boston,19,8,240,413,1,11,665
Boston,19,9,198,450,1,5,654
Boston,19,10,441,657,2,24,"1,124"
Boston,19,11,273,597,0,26,896
Boston,19,12,328,500,4,15,847
Boston,19,13,262,414,1,10,687
Boston,20,1,495,484,7,33,"1,019"
Boston,20,2,450,580,0,15,"1,045"
Boston,20,3,638,391,4,32,"1,065"
Boston,20,4,349,580,1,27,957
Boston,20,5,642,339,6,34,"1,021"
Boston,20,6,749,425,8,37,"1,219"
Boston,20,7,433,342,2,23,800
Boston,20,8,391,448,2,9,850
Boston,20,9,410,451,7,27,895
Boston,20,10,844,415,3,50,"1,312"
Boston,20,11,355,247,7,17,626
Boston,20,12,488,224,7,25,744
Boston,20,13,481,239,2,22,744
Boston,20,14,465,223,10,28,726
Boston,20,15,749,396,6,40,"1,191"
Boston,20,16,800,403,4,54,"1,261"
Boston,20,17,932,437,9,69,"1,447"
Boston,20,18,398,290,3,27,718
Boston,20,19,486,213,4,36,739
Boston,20,20,722,468,10,33,"1,233"
Boston,21,1,415,590,3,14,"1,022"
Boston,21,2,98,207,0,6,311
Boston,21,3,206,446,2,12,666
Boston,21,4,149,440,1,11,601
Boston,21,5,309,627,0,11,947
Boston,21,6,268,376,4,11,659
Boston,21,7,243,520,4,15,782
Boston,21,8,311,730,1,11,"1,053"
Boston,21,9,341,611,3,16,971
Boston,21,10,330,537,2,14,883
Boston,21,11,374,634,3,10,"1,021"
Boston,21,12,375,567,6,20,968
Boston,21,13,621,550,3,22,"1,196"
Boston,21,14,265,405,2,10,682
Boston,21,15,270,513,2,12,797
Boston,21,16,457,478,3,11,949
Boston,22,1,406,632,4,21,"1,063"
Boston,22,2,485,846,4,29,"1,364"
Boston,22,3,515,615,2,16,"1,148"
Boston,22,4,398,435,2,15,850
Boston,22,5,268,343,0,18,629
Boston,22,6,261,418,2,20,701
Boston,22,7,455,556,2,22,"1,035"
Boston,22,8,389,292,4,32,717
Boston,22,9,403,405,2,16,826
Boston,22,10,433,516,9,13,971
Boston,22,11,325,312,3,24,664
Boston,22,12,286,330,1,22,639
Boston,22,13,337,288,2,23,650
Bourne,-,1,"1,029",244,5,49,"1,327"
Bourne,-,2,"1,226",337,6,53,"1,622"
Bourne,-,3,679,175,1,24,879
Bourne,-,4,"1,240",317,0,56,"1,613"
Bourne,-,5,"1,110",357,4,40,"1,511"
Bourne,-,6,811,251,8,35,"1,105"
Bourne,-,7,996,264,6,49,"1,315"
Boxborough,-,1,"1,758",917,0,76,"2,751"
Boxford,-,1,"1,095",278,8,36,"1,417"
Boxford,-,2,"1,207",327,11,52,"1,597"
Boxford,-,3,"1,132",264,8,52,"1,456"
Boylston,-,1,"1,923",497,0,73,"2,493"
Braintree,-,1A,"1,037",295,5,62,"1,399"
Braintree,-,1B,907,352,4,51,"1,314"
Braintree,-,2A,"1,144",373,7,55,"1,579"
Braintree,-,2B,"1,098",319,6,68,"1,491"
Braintree,-,3A,806,351,3,48,"1,208"
Braintree,-,3B,943,341,7,39,"1,330"
Braintree,-,4A,838,329,6,57,"1,230"
Braintree,-,4B,825,358,7,45,"1,235"
Braintree,-,5A,971,372,11,62,"1,416"
Braintree,-,5B,"1,144",389,6,60,"1,599"
Braintree,-,6A,"1,226",347,15,71,"1,659"
Braintree,-,6B,"1,155",363,7,62,"1,587"
Brewster,-,1,"1,376",625,5,47,"2,053"
Brewster,-,2,"1,405",541,5,48,"1,999"
Brewster,-,3,"1,386",516,5,44,"1,951"
Bridgewater,-,1,"1,670",414,7,81,"2,172"
Bridgewater,-,2,"1,351",385,14,72,"1,822"
Bridgewater,-,3,"1,740",377,7,72,"2,196"
Bridgewater,-,4,718,192,2,32,944
Bridgewater,-,5,393,165,2,31,591
Bridgewater,-,6,869,375,1,30,"1,275"
Bridgewater,-,7,"1,151",387,7,71,"1,616"
Brimfield,-,1,"1,369",383,10,50,"1,812"
Brockton,1,A,327,408,0,14,749
Brockton,1,B,621,480,2,37,"1,140"
Brockton,1,C,569,385,0,20,974
Brockton,1,D,975,465,2,47,"1,489"
Brockton,2,A,158,392,0,26,576
Brockton,2,B,235,312,3,15,565
Brockton,2,C,171,333,0,21,525
Brockton,2,D,408,396,0,28,832
Brockton,3,A,406,436,2,19,863
Brockton,3,B,322,402,0,14,738
Brockton,3,C,822,473,4,28,"1,327"
Brockton,3,D,822,414,3,41,"1,280"
Brockton,4,A,213,280,0,10,503
Brockton,4,B,481,469,0,15,965
Brockton,4,C,613,432,0,17,"1,062"
Brockton,4,D,614,417,0,28,"1,059"
Brockton,5,A,299,419,3,22,743
Brockton,5,B,652,427,5,37,"1,121"
Brockton,5,C,426,504,1,41,972
Brockton,5,D,666,470,1,31,"1,168"
Brockton,6,A,389,392,1,17,799
Brockton,6,B,782,448,2,37,"1,269"
Brockton,6,C,583,448,1,20,"1,052"
Brockton,6,D,828,377,2,39,"1,246"
Brockton,7,A,282,394,0,18,694
Brockton,7,B,475,535,1,29,"1,040"
Brockton,7,C,406,456,2,31,895
Brockton,7,D,564,460,1,19,"1,044"
Brookfield,-,1,"1,175",306,8,42,"1,531"
Brookline,-,1,696,817,1,41,"1,555"
Brookline,-,2,370,568,0,21,959
Brookline,-,3,652,926,3,36,"1,617"
Brookline,-,4,589,790,3,30,"1,412"
Brookline,-,5,710,924,2,54,"1,690"
Brookline,-,6,678,"1,015",4,17,"1,714"
Brookline,-,7,657,901,0,28,"1,586"
Brookline,-,8,587,974,0,30,"1,591"
Brookline,-,9,609,913,2,37,"1,561"
Brookline,-,10,720,932,1,28,"1,681"
Brookline,-,11,678,961,1,23,"1,663"
Brookline,-,12,896,"1,006",3,30,"1,935"
Brookline,-,13,815,830,1,23,"1,669"
Brookline,-,14,937,747,2,33,"1,719"
Brookline,-,15,"1,067",552,1,34,"1,654"
Brookline,-,16,828,641,1,31,"1,501"
Buckland,-,1,521,431,4,20,976
Burlington,-,1,"1,387",406,6,59,"1,858"
Burlington,-,2,757,357,4,36,"1,154"
Burlington,-,3,"1,199",366,4,66,"1,635"
Burlington,-,4,"1,076",380,3,55,"1,514"
Burlington,-,5,"1,325",449,9,71,"1,854"
Burlington,-,6,"1,310",375,9,60,"1,754"
Burlington,-,7,"1,174",483,7,59,"1,723"
Cambridge,1,1,690,905,3,34,"1,632"
Cambridge,1,2,495,744,4,47,"1,290"
Cambridge,1,3,587,858,3,45,"1,493"
Cambridge,2,1,329,836,1,38,"1,204"
Cambridge,2,2,136,300,0,15,451
Cambridge,2,3,281,477,1,19,778
Cambridge,3,1,493,841,1,26,"1,361"
Cambridge,3,2,274,618,0,14,906
Cambridge,3,2A,196,443,1,20,660
Cambridge,3,3,329,942,1,26,"1,298"
Cambridge,4,1,485,"1,103",1,22,"1,611"
Cambridge,4,2,514,"1,187",2,29,"1,732"
Cambridge,4,3,166,369,2,8,545
Cambridge,5,1,432,"1,082",0,38,"1,552"
Cambridge,5,2,554,"1,048",1,35,"1,638"
Cambridge,5,3,381,825,4,24,"1,234"
Cambridge,6,1,514,"1,182",4,36,"1,736"
Cambridge,6,2,489,"1,013",1,38,"1,541"
Cambridge,6,3,573,"1,112",3,28,"1,716"
Cambridge,7,1,484,"1,143",1,29,"1,657"
Cambridge,7,2,251,615,5,20,891
Cambridge,7,3,140,347,0,6,493
Cambridge,8,1,368,761,2,22,"1,153"
Cambridge,8,2,509,673,0,32,"1,214"
Cambridge,8,3,92,213,0,8,313
Cambridge,9,1,824,"1,151",2,40,"2,017"
Cambridge,9,2,807,"1,190",3,28,"2,028"
Cambridge,9,3,676,944,2,35,"1,657"
Cambridge,10,1,556,"1,327",2,31,"1,916"
Cambridge,10,2,600,"1,291",0,31,"1,922"
Cambridge,10,3,468,"1,032",5,25,"1,530"
Cambridge,11,1,505,905,0,24,"1,434"
Cambridge,11,2,669,"1,393",3,40,"2,105"
Cambridge,11,3,555,"1,096",3,28,"1,682"
Canton,-,1,"1,136",471,4,55,"1,666"
Canton,-,2,"1,331",579,4,66,"1,980"
Canton,-,3,"1,212",457,6,46,"1,721"
Canton,-,4,"1,613",455,3,79,"2,150"
Canton,-,5,"1,363",466,1,68,"1,898"
Canton,-,6,"1,183",412,5,63,"1,663"
Carlisle,-,1,"1,869","1,052",5,63,"2,989"
Carver,-,1,"1,255",324,7,63,"1,649"
Carver,-,2,"1,198",327,13,46,"1,584"
Carver,-,3,"1,462",318,4,52,"1,836"
Charlemont,-,1,344,228,0,21,593
Charlton,-,1,"1,150",221,8,29,"1,408"
Charlton,-,2,"1,251",238,2,44,"1,535"
Charlton,-,3,"1,195",255,4,42,"1,496"
Charlton,-,4,"1,116",246,8,32,"1,402"
Chatham,-,1,"3,045",937,16,116,"4,114"
Chelmsford,-,1,"1,353",465,4,67,"1,889"
Chelmsford,-,2,"1,181",436,0,50,"1,667"
Chelmsford,-,3,"1,381",403,8,60,"1,852"
Chelmsford,-,4,"1,264",387,5,63,"1,719"
Chelmsford,-,5,"1,362",439,8,48,"1,857"
Chelmsford,-,6,"1,513",441,4,54,"2,012"
Chelmsford,-,7,"1,632",425,9,49,"2,115"
Chelmsford,-,8,"1,424",434,5,49,"1,912"
Chelmsford,-,9,"1,489",466,9,68,"2,032"
Chelsea,1,1,161,204,0,9,374
Chelsea,1,2,94,113,0,7,214
Chelsea,1,3,117,176,0,10,303
Chelsea,1,4,75,207,0,9,291
Chelsea,2,1,512,400,0,41,953
Chelsea,2,2,219,287,0,22,528
Chelsea,2,3,82,119,0,4,205
Chelsea,2,4,117,202,0,21,340
Chelsea,3,1,133,184,0,9,326
Chelsea,3,2,220,253,0,12,485
Chelsea,3,3,172,196,0,19,387
Chelsea,3,4,190,223,0,13,426
Chelsea,4,1,218,218,0,3,439
Chelsea,4,2,324,190,0,29,543
Chelsea,4,3,276,229,0,31,536
Chelsea,4,4,208,162,0,7,377
Cheshire,-,1,909,560,5,38,"1,512"
Chester,-,1,447,111,0,17,575
Chesterfield,-,1,405,235,0,17,657
Chicopee,1,A,764,294,6,31,"1,095"
Chicopee,1,B,"1,082",294,5,25,"1,406"
Chicopee,2,A,454,250,3,10,717
Chicopee,2,B,858,276,4,33,"1,171"
Chicopee,3,A,594,290,2,31,917
Chicopee,3,B,497,236,8,13,754
Chicopee,4,A,661,254,1,23,939
Chicopee,4,B,597,276,5,40,918
Chicopee,5,A,721,274,5,25,"1,025"
Chicopee,5,B,690,266,6,26,988
Chicopee,6,AN,231,65,0,5,301
Chicopee,6,AS,523,120,4,22,669
Chicopee,6,BE,939,179,7,37,"1,162"
Chicopee,6,BW,176,57,2,8,243
Chicopee,7,A,461,235,2,20,718
Chicopee,7,B,522,266,3,29,820
Chicopee,8,A,834,266,4,34,"1,138"
Chicopee,8,B,708,237,7,34,986
Chicopee,9,A,769,252,6,29,"1,056"
Chicopee,9,B,"1,064",320,7,31,"1,422"
Chilmark,-,1,324,394,0,15,733
Clarksburg,-,1,446,250,0,19,715
Clinton,-,1,"1,144",351,4,32,"1,531"
Clinton,-,2,958,365,8,32,"1,363"
Clinton,-,3,"1,017",340,4,32,"1,393"
Clinton,-,4,912,358,6,38,"1,314"
Cohasset,-,1,"1,625",448,3,41,"2,117"
Cohasset,-,2,"1,733",557,7,52,"2,349"
Colrain,-,1,423,312,0,17,752
Concord,-,1,"1,184",737,0,39,"1,960"
Concord,-,2,"1,410",959,5,44,"2,418"
Concord,-,3,"1,325",765,1,53,"2,144"
Concord,-,4,"1,355",820,4,62,"2,241"
Concord,-,5,919,477,2,30,"1,428"
Conway,-,1,574,517,0,25,"1,116"
Cummington,-,1,243,236,0,6,485
Dalton,-,1,876,558,2,41,"1,477"
Dalton,-,2,882,535,5,37,"1,459"
Danvers,-,1,"1,210",360,9,53,"1,632"
Danvers,-,2,"1,236",336,9,47,"1,628"
Danvers,-,3,"1,017",285,6,48,"1,356"
Danvers,-,4,"1,200",353,7,72,"1,632"
Danvers,-,5,"1,271",306,13,62,"1,652"
Danvers,-,6,"1,389",286,8,55,"1,738"
Danvers,-,7,"1,221",341,9,66,"1,637"
Danvers,-,8,"1,078",300,9,42,"1,429"
Dartmouth,-,1,"1,164",389,5,54,"1,612"
Dartmouth,-,2,702,285,2,34,"1,023"
Dartmouth,-,3,60,108,0,0,168
Dartmouth,-,4,957,494,3,32,"1,486"
Dartmouth,-,5,"1,158",473,0,61,"1,692"
Dartmouth,-,6,770,389,1,45,"1,205"
Dartmouth,-,7,"1,139",404,2,65,"1,610"
Dartmouth,-,8,"1,344",627,2,69,"2,042"
Dartmouth,-,9,"1,472",579,10,67,"2,128"
Dedham,-,1,"1,211",526,5,43,"1,785"
Dedham,-,2,"1,225",520,2,61,"1,808"
Dedham,-,3,895,572,8,43,"1,518"
Dedham,-,4,"1,158",525,4,57,"1,744"
Dedham,-,5,"1,229",536,14,77,"1,856"
Dedham,-,6,"1,230",599,5,60,"1,894"
Dedham,-,7,"1,316",433,5,80,"1,834"
Deerfield,-,1,"1,573","1,042",4,34,"2,653"
Dennis,-,1,"1,430",362,2,59,"1,853"
Dennis,-,2,"1,427",345,8,75,"1,855"
Dennis,-,3,"1,003",394,2,32,"1,431"
Dennis,-,4,"1,246",377,5,47,"1,675"
Dennis,-,5,"1,174",353,0,34,"1,561"
Dighton,-,1,"1,192",288,1,46,"1,527"
Dighton,-,2,"1,301",396,3,43,"1,743"
Douglas,-,1,"1,144",208,0,44,"1,396"
Douglas,-,2,"1,110",226,0,37,"1,373"
Douglas,-,3,956,215,4,27,"1,202"
Dover,-,1,"2,331",722,10,70,"3,133"
Dracut,-,1,944,267,0,53,"1,264"
Dracut,-,2,868,245,0,37,"1,150"
Dracut,-,3,"1,150",259,0,58,"1,467"
Dracut,-,4,"1,363",313,0,86,"1,762"
Dracut,-,5,"1,133",249,0,68,"1,450"
Dracut,-,6,"1,034",266,0,46,"1,346"
Dracut,-,6A,48,11,0,3,62
Dracut,-,7,970,270,0,56,"1,296"
Dracut,-,8,"1,621",293,0,73,"1,987"
Dracut,-,9,"1,167",269,0,56,"1,492"
Dudley,-,1,"1,351",312,1,35,"1,699"
Dudley,-,2,"1,080",243,0,39,"1,362"
Dudley,-,3,"1,012",205,2,34,"1,253"
Dunstable,-,1,"1,307",364,0,66,"1,737"
Duxbury,-,1,"1,221",327,6,43,"1,597"
Duxbury,-,2,"1,191",263,6,32,"1,492"
Duxbury,-,3,"1,046",296,7,31,"1,380"
Duxbury,-,4,"1,072",259,5,44,"1,380"
Duxbury,-,5,"1,093",291,7,40,"1,431"
Duxbury,-,6,963,260,5,35,"1,263"
"E. Bridgewater",-,1,"1,201",330,0,73,"1,604"
"E. Bridgewater",-,2,"1,186",340,2,59,"1,587"
"E. Bridgewater",-,3,"1,408",312,4,79,"1,803"
"E. Bridgewater",-,4,"1,140",309,8,60,"1,517"
"E. Brookfield",-,1,855,156,0,22,"1,033"
"E. Longmeadow",-,1,"1,418",394,8,69,"1,889"
"E. Longmeadow",-,2,"1,346",353,7,58,"1,764"
"E. Longmeadow",-,3,"1,476",354,8,72,"1,910"
"E. Longmeadow",-,4,"1,634",323,5,52,"2,014"
Eastham,-,1,"2,234",991,13,69,"3,307"
Easthampton,-,1,868,667,5,34,"1,574"
Easthampton,-,2,734,980,0,37,"1,751"
Easthampton,-,3,770,783,4,30,"1,587"
Easthampton,-,4,947,905,0,39,"1,891"
Easthampton,-,5,"1,272",471,1,60,"1,804"
Easton,-,1,753,223,4,29,"1,009"
Easton,-,2,"1,447",493,11,70,"2,021"
Easton,-,3,"1,186",394,6,44,"1,630"
Easton,-,4,"1,437",442,6,74,"1,959"
Easton,-,5,"1,552",517,4,75,"2,148"
Easton,-,6,"1,389",433,3,57,"1,882"
Edgartown,-,1,"1,483",864,1,66,"2,414"
Egremont,-,1,289,487,0,17,793
Erving,-,1,425,216,0,10,651
Essex,-,1,"1,455",520,2,65,"2,042"
Everett,1,1,423,321,4,28,776
Everett,1,2,359,253,0,23,635
Everett,2,1,465,349,2,28,844
Everett,2,2,392,299,2,35,728
Everett,3,1,587,384,3,32,"1,006"
Everett,3,2,476,383,2,30,891
Everett,4,1,624,368,7,28,"1,027"
Everett,4,2,428,379,1,26,834
Everett,5,1,521,333,1,14,869
Everett,5,2,450,391,4,22,867
Everett,6,1,539,388,3,22,952
Everett,6,2,500,392,4,38,934
Fairhaven,-,1,849,392,5,44,"1,290"
Fairhaven,-,2,799,335,3,43,"1,180"
Fairhaven,-,3,642,258,5,24,929
Fairhaven,-,4,824,312,4,25,"1,165"
Fairhaven,-,5,949,311,8,51,"1,319"
Fairhaven,-,6,861,324,3,46,"1,234"
"Fall River",1,A,731,314,1,39,"1,085"
"Fall River",1,B,478,213,2,36,729
"Fall River",1,C,509,217,0,36,762
"Fall River",2,A,302,196,0,28,526
"Fall River",2,B,289,181,0,20,490
"Fall River",2,C,353,215,0,36,604
"Fall River",3,A,542,238,0,38,818
"Fall River",3,B,431,257,2,28,718
"Fall River",3,C,513,251,3,34,801
"Fall River",4,A,321,184,0,37,542
"Fall River",4,B,236,193,1,24,454
"Fall River",4,C,315,211,0,18,544
"Fall River",5,A,186,149,0,16,351
"Fall River",5,B,162,119,0,16,297
"Fall River",5,B1,41,22,0,5,68
"Fall River",5,C,268,182,0,25,475
"Fall River",6,A,603,261,0,59,923
"Fall River",6,B,364,225,2,26,617
"Fall River",6,C,475,242,2,28,747
"Fall River",6,C1,5,7,0,0,12
"Fall River",7,A,539,267,5,40,851
"Fall River",7,B,324,226,1,23,574
"Fall River",7,C,451,251,2,30,734
"Fall River",8,A,411,255,1,34,701
"Fall River",8,B,776,328,2,42,"1,148"
"Fall River",8,C,851,345,2,61,"1,259"
"Fall River",9,A,"1,057",391,2,64,"1,514"
"Fall River",9,B,670,258,2,64,994
"Fall River",9,C,598,342,0,70,"1,010"
Falmouth,-,1,"1,299",882,9,38,"2,228"
Falmouth,-,2,"1,250",603,2,58,"1,913"
Falmouth,-,3,"1,337",433,5,48,"1,823"
Falmouth,-,4,"1,405",475,8,45,"1,933"
Falmouth,-,5,"1,605",573,13,53,"2,244"
Falmouth,-,6,"1,390",588,4,55,"2,037"
Falmouth,-,7,"1,331",458,6,52,"1,847"
Falmouth,-,8,"1,354",497,7,43,"1,901"
Falmouth,-,9,"1,234",433,2,51,"1,720"
Fitchburg,1,A,498,243,5,9,755
Fitchburg,1,B,686,261,2,37,986
Fitchburg,2,A,406,248,3,17,674
Fitchburg,2,B,812,277,6,34,"1,129"
Fitchburg,3,A,"1,219",313,5,41,"1,578"
Fitchburg,3,B,831,301,1,36,"1,169"
Fitchburg,4,A,335,151,1,21,508
Fitchburg,4,B,493,236,0,15,744
Fitchburg,5,A,"1,111",300,8,52,"1,471"
Fitchburg,5,B,316,251,4,11,582
Fitchburg,6,A,932,298,5,48,"1,283"
Fitchburg,6,B,513,262,0,27,802
Florida,-,1,193,116,0,16,325
Foxborough,-,1,"1,112",388,5,45,"1,550"
Foxborough,-,2,"1,383",370,6,57,"1,816"
Foxborough,-,3,"1,323",419,4,69,"1,815"
Foxborough,-,4,"1,313",379,6,57,"1,755"
Foxborough,-,5,"1,245",373,1,46,"1,665"
Framingham,-,1,"1,297",607,10,49,"1,963"
Framingham,-,2,"1,576",710,8,40,"2,334"
Framingham,-,3,"1,067",545,4,33,"1,649"
Framingham,-,4,"1,307",666,2,40,"2,015"
Framingham,-,5,"1,218",593,1,35,"1,847"
Framingham,-,6,"1,291",544,4,33,"1,872"
Framingham,-,7,"1,089",563,4,29,"1,685"
Framingham,-,8,"1,013",613,1,35,"1,662"
Framingham,-,9,689,462,4,28,"1,183"
Framingham,-,10,471,376,1,13,861
Framingham,-,11,"1,362",624,3,48,"2,037"
Framingham,-,12,516,374,5,25,920
Framingham,-,13,655,465,3,28,"1,151"
Framingham,-,14,393,313,2,11,719
Framingham,-,15,492,363,2,23,880
Framingham,-,16,209,200,2,9,420
Framingham,-,17,152,264,2,8,426
Framingham,-,18,417,331,2,16,766
Franklin,-,1,"1,300",419,6,55,"1,780"
Franklin,-,2,"1,396",391,9,37,"1,833"
Franklin,-,3,"1,315",443,9,43,"1,810"
Franklin,-,4,"1,641",394,8,36,"2,079"
Franklin,-,5,"1,536",458,6,44,"2,044"
Franklin,-,6,"1,188",407,9,52,"1,656"
Franklin,-,7,"1,511",450,5,31,"1,997"
Franklin,-,8,"1,527",377,9,55,"1,968"
Freetown,-,1,973,264,9,28,"1,274"
Freetown,-,2,"1,026",285,5,47,"1,363"
Freetown,-,3,"1,004",250,9,53,"1,316"
Gardner,1,A,691,185,4,22,902
Gardner,1,B,282,57,1,12,352
Gardner,2,A,591,146,2,19,758
Gardner,2,B,699,163,4,28,894
Gardner,3,A,453,144,3,15,615
Gardner,3,B,644,164,1,18,827
Gardner,4,A,483,208,0,22,713
Gardner,4,B,287,130,0,12,429
Gardner,5,A,442,136,1,15,594
Gardner,5,B,704,158,7,23,892
Georgetown,-,1,"1,178",297,2,71,"1,548"
Georgetown,-,2,"1,040",267,6,59,"1,372"
Georgetown,-,3,975,260,0,56,"1,291"
Gill,-,1,460,325,2,10,797
Gloucester,1,1,"1,073",523,8,55,"1,659"
Gloucester,1,2,905,356,6,40,"1,307"
Gloucester,2,1,650,284,1,24,959
Gloucester,2,2,660,304,3,22,989
Gloucester,3,1,754,355,3,24,"1,136"
Gloucester,3,2,892,321,4,27,"1,244"
Gloucester,4,1,"1,061",325,4,39,"1,429"
Gloucester,4,2,"1,133",623,3,48,"1,807"
Gloucester,5,1,"1,240",440,6,35,"1,721"
Gloucester,5,2,"1,153",445,6,47,"1,651"
Goshen,-,1,331,212,0,6,549
Gosnold,-,1,43,13,0,1,57
Grafton,-,1,"1,256",370,0,39,"1,665"
Grafton,-,2,"1,275",429,3,37,"1,744"
Grafton,-,3,"1,280",417,5,42,"1,744"
Grafton,-,4,"1,036",362,2,32,"1,432"
Grafton,-,5,"1,441",404,3,43,"1,891"
Granby,-,1,"1,163",441,1,53,"1,658"
Granby,-,2,"1,085",302,0,44,"1,431"
Granville,-,1,599,166,0,21,786
"Great Barrington",-,A,354,493,0,20,867
"Great Barrington",-,B,330,525,1,13,869
"Great Barrington",-,C,213,402,1,9,625
"Great Barrington",-,D,347,513,1,15,876
Greenfield,-,1,510,286,0,13,809
Greenfield,-,2,656,385,0,17,"1,058"
Greenfield,-,3,461,392,0,21,874
Greenfield,-,4,497,445,0,12,954
Greenfield,-,5,415,462,0,15,892
Greenfield,-,6,355,504,0,23,882
Greenfield,-,7,399,258,1,13,671
Greenfield,-,8,269,378,1,15,663
Greenfield,-,9,374,221,1,17,613
Groton,-,1,"1,350",612,8,48,"2,018"
Groton,-,2,"1,370",486,1,52,"1,909"
Groton,-,3,"1,331",516,1,62,"1,910"
Groveland,-,1,"1,285",366,9,63,"1,723"
Groveland,-,2,"1,349",335,8,77,"1,769"
Hadley,-,1,"1,571","1,154",7,49,"2,781"
Halifax,-,1,"1,462",370,16,72,"1,920"
Halifax,-,2,"1,324",384,3,64,"1,775"
Hamilton,-,1,"1,118",377,6,36,"1,537"
Hamilton,-,2,"1,087",357,3,29,"1,476"
Hamilton,-,3,800,281,4,21,"1,106"
Hampden,-,1,"2,017",422,9,80,"2,528"
Hancock,-,1,217,126,0,15,358
Hanover,-,1,"1,501",327,10,71,"1,909"
Hanover,-,2,"1,509",334,13,78,"1,934"
Hanover,-,3,"1,457",340,11,65,"1,873"
Hanover,-,4,"1,505",316,4,58,"1,883"
Hanson,-,1,"1,385",311,5,71,"1,772"
Hanson,-,2,"1,367",364,6,87,"1,824"
Hanson,-,3,"1,198",329,5,76,"1,608"
Hardwick,-,1,856,253,2,30,"1,141"
Harvard,-,1,"2,019","1,211",13,129,"3,372"
Harwich,-,1,"1,448",469,9,57,"1,983"
Harwich,-,2,"1,476",430,5,43,"1,954"
Harwich,-,3,"1,448",430,7,48,"1,933"
Harwich,-,4,"1,220",437,3,36,"1,696"
Hatfield,-,1,"1,086",701,2,40,"1,829"
Haverhill,1,1,377,246,4,14,641
Haverhill,1,2,591,399,1,29,"1,020"
Haverhill,1,3,570,256,1,27,854
Haverhill,2,1,620,310,0,33,963
Haverhill,2,2,791,242,3,32,"1,068"
Haverhill,2,3,374,253,4,18,649
Haverhill,3,1,234,273,1,9,517
Haverhill,3,2,455,289,1,12,757
Haverhill,3,3,526,303,5,17,851
Haverhill,4,1,961,265,6,52,"1,284"
Haverhill,4,2,"1,162",319,6,60,"1,547"
Haverhill,4,3,956,323,6,49,"1,334"
Haverhill,5,1,843,369,5,33,"1,250"
Haverhill,5,2,"1,063",284,3,55,"1,405"
Haverhill,5,3,"1,247",291,8,54,"1,600"
Haverhill,6,1,751,294,2,35,"1,082"
Haverhill,6,2,785,328,4,39,"1,156"
Haverhill,6,3,"1,011",294,6,40,"1,351"
Haverhill,7,1,972,322,5,44,"1,343"
Haverhill,7,2,817,280,6,37,"1,140"
Haverhill,7,3,"1,131",312,5,56,"1,504"
Hawley,-,1,110,60,2,0,172
Heath,-,1,210,146,1,14,371
Hingham,-,1,"1,416",439,2,50,"1,907"
Hingham,-,2,"1,499",566,9,73,"2,147"
Hingham,-,3,"1,507",530,1,52,"2,090"
Hingham,-,4,"1,538",412,6,51,"2,007"
Hingham,-,5,"1,117",283,5,52,"1,457"
Hingham,-,5A,717,272,0,18,"1,007"
Hingham,-,6,"1,473",424,5,80,"1,982"
Hinsdale,-,1,557,331,0,34,922
Holbrook,-,1,730,323,8,38,"1,099"
Holbrook,-,2,879,277,2,47,"1,205"
Holbrook,-,3,819,257,4,49,"1,129"
Holbrook,-,4,720,322,7,33,"1,082"
Holden,-,1,"1,409",415,4,40,"1,868"
Holden,-,2,"1,476",422,3,61,"1,962"
Holden,-,3,"1,343",379,7,41,"1,770"
Holden,-,4,"1,619",437,1,49,"2,106"
Holden,-,5,"1,529",456,1,57,"2,043"
Holland,-,1,891,227,1,32,"1,151"
Holliston,-,1,"1,522",523,5,52,"2,102"
Holliston,-,2,"1,420",486,5,49,"1,960"
Holliston,-,3,"1,227",522,3,41,"1,793"
Holliston,-,4,"1,252",444,4,40,"1,740"
Holyoke,1,A,163,325,1,13,502
Holyoke,1,B,225,351,0,7,583
Holyoke,2,A,293,214,1,17,525
Holyoke,2,B,163,268,0,15,446
Holyoke,3,A,477,419,0,28,924
Holyoke,3,B,798,376,0,35,"1,209"
Holyoke,4,A,161,279,0,7,447
Holyoke,4,B,314,427,2,20,763
Holyoke,5,A,"1,159",332,0,64,"1,555"
Holyoke,5,B,584,330,2,36,952
Holyoke,6,A,432,301,3,18,754
Holyoke,6,B,552,443,3,36,"1,034"
Holyoke,7,A,973,462,5,53,"1,493"
Holyoke,7,B,695,530,0,39,"1,264"
Hopedale,-,1,"2,210",599,19,57,"2,885"
Hopkinton,-,1,"1,602",567,5,44,"2,218"
Hopkinton,-,2,"1,447",463,1,41,"1,952"
Hopkinton,-,3,"1,456",439,1,44,"1,940"
Hopkinton,-,4,"1,406",452,5,38,"1,901"
Hubbardston,-,1,"1,763",427,19,82,"2,291"
Hudson,-,1,"1,015",301,3,32,"1,351"
Hudson,-,2,727,295,2,23,"1,047"
Hudson,-,3,"1,065",271,6,37,"1,379"
Hudson,-,4,"1,059",347,6,53,"1,465"
Hudson,-,5,"1,300",386,3,20,"1,709"
Hudson,-,6,687,272,5,11,975
Hudson,-,7,678,320,3,15,"1,016"
Hull,-,1,"1,250",547,8,53,"1,858"
Hull,-,2,"1,105",423,4,63,"1,595"
Hull,-,3,"1,422",525,3,79,"2,029"
Huntington,-,1,681,247,2,22,952
Ipswich,-,1,"1,218",620,0,55,"1,893"
Ipswich,-,2,"1,438",579,0,74,"2,091"
Ipswich,-,3,"1,390",399,0,79,"1,868"
Ipswich,-,4,"1,373",482,0,111,"1,966"
Kingston,-,1,"1,128",346,7,49,"1,530"
Kingston,-,2,"1,365",346,3,54,"1,768"
Kingston,-,3,"1,356",327,9,52,"1,744"
Kingston,-,4,"1,122",273,6,67,"1,468"
Lakeville,-,1,"1,322",310,11,84,"1,727"
Lakeville,-,2,"1,362",320,0,83,"1,765"
Lakeville,-,3,"1,521",364,6,63,"1,954"
Lancaster,-,1,"1,196",353,15,44,"1,608"
Lancaster,-,2,"1,343",365,15,53,"1,776"
Lanesborough,-,1,815,558,5,60,"1,438"
Lawrence,A,1,324,374,5,15,718
Lawrence,A,2,211,247,1,22,481
Lawrence,A,3,360,281,3,10,654
Lawrence,A,4,327,316,2,9,654
Lawrence,B,1,322,386,1,26,735
Lawrence,B,2,183,309,4,13,509
Lawrence,B,3,242,315,0,23,580
Lawrence,B,4,312,439,0,51,802
Lawrence,C,1,184,294,2,13,493
Lawrence,C,2,420,353,2,14,789
Lawrence,C,3,132,336,0,9,477
Lawrence,C,4,246,364,1,19,630
Lawrence,D,1,327,331,1,20,679
Lawrence,D,2,213,344,2,9,568
Lawrence,D,3,170,286,0,17,473
Lawrence,D,4,191,251,1,13,456
Lawrence,E,1,730,350,5,24,"1,109"
Lawrence,E,2,641,350,4,22,"1,017"
Lawrence,E,3,327,240,2,15,584
Lawrence,E,4,338,303,1,29,671
Lawrence,F,1,545,297,4,20,866
Lawrence,F,2,239,266,2,15,522
Lawrence,F,3,228,298,0,13,539
Lawrence,F,4,265,263,1,14,543
Lee,-,1,"1,498","1,005",4,76,"2,583"
Leicester,-,1,965,238,4,27,"1,234"
Leicester,-,2,889,250,2,25,"1,166"
Leicester,-,3,914,188,4,27,"1,133"
Leicester,-,4,954,188,3,19,"1,164"
Lenox,-,1,"1,447","1,219",2,69,"2,737"
Leominster,1,A,994,299,8,44,"1,345"
Leominster,1,B,952,255,5,29,"1,241"
Leominster,1,C,646,246,5,33,930
Leominster,2,A,407,227,1,11,646
Leominster,2,B,698,220,1,26,945
Leominster,2,C,316,181,10,12,519
Leominster,3,A,601,208,5,21,835
Leominster,3,B,979,236,1,53,"1,269"
Leominster,3,C,"1,047",290,6,32,"1,375"
Leominster,4,A,"1,082",218,5,47,"1,352"
Leominster,4,B,"1,006",247,2,45,"1,300"
Leominster,4,C,621,201,5,23,850
Leominster,5,A,630,251,5,24,910
Leominster,5,B,898,263,5,61,"1,227"
Leominster,5,C,527,251,1,22,801
Leverett,-,1,367,764,0,17,"1,148"
Lexington,-,1,869,689,0,43,"1,601"
Lexington,-,2,"1,043",897,4,65,"2,009"
Lexington,-,3,763,695,0,39,"1,497"
Lexington,-,4,"1,032",826,2,58,"1,918"
Lexington,-,5,"1,084",765,1,44,"1,894"
Lexington,-,6,"1,047",704,0,35,"1,786"
Lexington,-,7,"1,021",788,1,35,"1,845"
Lexington,-,8,984,735,2,42,"1,763"
Lexington,-,9,"1,008",724,2,47,"1,781"
Leyden,-,1,259,169,0,5,433
Lincoln,-,1,"1,172",991,6,35,"2,204"
Lincoln,-,2,794,527,1,30,"1,352"
Littleton,-,1,"1,303",551,0,44,"1,898"
Littleton,-,2,"1,255",447,0,49,"1,751"
Littleton,-,3,"1,113",459,0,51,"1,623"
Longmeadow,-,A,"1,188",464,3,34,"1,689"
Longmeadow,-,B,"1,066",435,4,33,"1,538"
Longmeadow,-,C,"1,278",401,8,48,"1,735"
Longmeadow,-,D,"1,283",361,6,42,"1,692"
Longmeadow,-,E,"1,135",345,1,36,"1,517"
Lowell,1,1,362,238,0,25,625
Lowell,1,2,"1,335",413,0,79,"1,827"
Lowell,1,3,"1,095",365,0,55,"1,515"
Lowell,2,1,189,240,0,26,455
Lowell,2,2,288,303,0,49,640
Lowell,2,3,595,658,0,42,"1,295"
Lowell,3,1,438,253,0,41,732
Lowell,3,2,301,237,0,39,577
Lowell,3,3,344,216,0,23,583
Lowell,4,1,524,297,0,46,867
Lowell,4,2,262,210,0,51,523
Lowell,4,3,285,233,0,37,555
Lowell,5,1,507,273,0,34,814
Lowell,5,2,333,222,0,29,584
Lowell,5,3,605,206,0,33,844
Lowell,6,1,705,286,0,51,"1,042"
Lowell,6,2,831,301,0,32,"1,164"
Lowell,6,3,608,287,0,62,957
Lowell,7,1,294,251,0,25,570
Lowell,7,2,334,269,0,35,638
Lowell,7,3,217,160,0,24,401
Lowell,8,1,427,271,0,42,740
Lowell,8,2,500,233,0,26,759
Lowell,8,3,918,371,0,65,"1,354"
Lowell,9,1,435,235,0,33,703
Lowell,9,2,671,318,0,34,"1,023"
Lowell,9,3,509,263,0,21,793
Lowell,10,1,499,228,0,34,761
Lowell,10,2,269,193,0,16,478
Lowell,10,3,205,167,0,14,386
Lowell,11,1,516,323,0,21,860
Lowell,11,2,695,256,0,35,986
Lowell,11,3,642,297,0,34,973
Ludlow,-,1,"1,059",343,4,41,"1,447"
Ludlow,-,2,663,247,5,42,957
Ludlow,-,3,"1,300",258,2,50,"1,610"
Ludlow,-,4,"1,040",312,2,54,"1,408"
Ludlow,-,5,856,198,6,48,"1,108"
Ludlow,-,6,"1,273",322,6,61,"1,662"
Lunenburg,-,A,"1,058",307,12,42,"1,419"
Lunenburg,-,B,877,315,9,19,"1,220"
Lunenburg,-,C,"1,100",270,11,34,"1,415"
Lunenburg,-,D,949,287,6,38,"1,280"
Lynn,1,1,"1,168",310,9,82,"1,569"
Lynn,1,2,"1,191",381,4,72,"1,648"
Lynn,1,3,923,358,6,42,"1,329"
Lynn,1,4,756,423,9,41,"1,229"
Lynn,2,1,"1,096",407,7,50,"1,560"
Lynn,2,2,451,363,3,21,838
Lynn,2,3,275,294,1,13,583
Lynn,2,4,282,259,2,10,553
Lynn,3,1,648,373,4,25,"1,050"
Lynn,3,2,472,349,3,28,852
Lynn,3,3,532,375,6,21,934
Lynn,3,4,563,461,5,23,"1,052"
Lynn,4,1,144,205,0,5,354
Lynn,4,2,199,259,0,13,471
Lynn,4,3,325,343,0,18,686
Lynn,4,4,535,364,3,16,918
Lynn,5,1,583,318,0,34,935
Lynn,5,2,159,204,2,6,371
Lynn,5,3,217,255,4,8,484
Lynn,5,4,530,432,1,37,"1,000"
Lynn,6,1,327,298,0,19,644
Lynn,6,2,203,198,1,11,413
Lynn,6,3,286,332,0,12,630
Lynn,6,4,268,230,4,19,521
Lynn,7,1,825,470,5,39,"1,339"
Lynn,7,2,713,401,5,25,"1,144"
Lynn,7,3,427,292,4,19,742
Lynn,7,4,518,310,4,24,856
Lynnfield,-,1,"1,283",284,0,65,"1,632"
Lynnfield,-,2,"1,276",301,0,65,"1,642"
Lynnfield,-,3,"1,144",243,0,52,"1,439"
Lynnfield,-,4,"1,367",254,0,87,"1,708"
Malden,1,1,403,417,6,18,844
Malden,1,2,604,497,8,32,"1,141"
Malden,2,1,475,429,5,28,937
Malden,2,2,608,445,4,30,"1,087"
Malden,3,1,663,636,3,31,"1,333"
Malden,3,2,841,634,2,44,"1,521"
Malden,4,1,439,440,4,28,911
Malden,4,2,313,433,7,27,780
Malden,5,1,549,497,3,19,"1,068"
Malden,5,2,942,562,1,59,"1,564"
Malden,6,1,730,503,5,39,"1,277"
Malden,6,2,679,453,2,40,"1,174"
Malden,7,1,378,491,6,22,897
Malden,7,2,504,443,5,18,970
Malden,8,1,708,431,2,36,"1,177"
Malden,8,2,632,430,5,24,"1,091"
Manchester-by-the-Sea,-,1,"2,272",825,5,74,"3,176"
Mansfield,-,1,"1,433",374,0,51,"1,858"
Mansfield,-,2,"1,399",443,0,58,"1,900"
Mansfield,-,3,"1,582",430,0,67,"2,079"
Mansfield,-,4,"1,282",453,0,49,"1,784"
Mansfield,-,5,"1,127",489,1,46,"1,663"
Mansfield,-,6,"1,129",471,0,33,"1,633"
Marblehead,-,1,"1,461",498,3,50,"2,012"
Marblehead,-,2,"1,422",534,2,47,"2,005"
Marblehead,-,3,"1,253",480,1,46,"1,780"
Marblehead,-,4,"1,495",429,4,35,"1,963"
Marblehead,-,5,"1,384",475,1,56,"1,916"
Marblehead,-,6,"1,435",459,0,51,"1,945"
Marion,-,1,"2,057",680,3,72,"2,812"
Marlborough,1,1,665,251,0,17,933
Marlborough,1,2,"1,092",365,3,31,"1,491"
Marlborough,2,1,834,284,0,30,"1,148"
Marlborough,2,2,607,292,0,35,934
Marlborough,3,1,444,268,3,17,732
Marlborough,3,2,"1,064",422,5,17,"1,508"
Marlborough,4,1,390,200,1,19,610
Marlborough,4,2,981,310,2,17,"1,310"
Marlborough,5,1,413,247,0,14,674
Marlborough,5,2,794,285,2,26,"1,107"
Marlborough,6,1,538,253,0,12,803
Marlborough,6,2,"1,026",294,3,27,"1,350"
Marlborough,7,1,664,252,2,33,951
Marlborough,7,2,717,232,0,26,975
Marshfield,-,1,"1,463",368,0,82,"1,913"
Marshfield,-,2,"1,508",401,0,92,"2,001"
Marshfield,-,3,"1,393",409,0,73,"1,875"
Marshfield,-,4,"1,325",405,0,73,"1,803"
Marshfield,-,5,"1,236",346,0,86,"1,668"
Marshfield,-,6,"1,625",448,0,94,"2,167"
Marshfield,-,7,"1,544",377,0,84,"2,005"
Mashpee,-,1,"1,447",384,11,47,"1,889"
Mashpee,-,2,"1,096",314,4,39,"1,453"
Mashpee,-,3,872,299,8,41,"1,220"
Mashpee,-,4,994,335,2,53,"1,384"
Mashpee,-,5,"1,460",328,10,54,"1,852"
Mattapoisett,-,1,"2,829",855,12,101,"3,797"
Maynard,-,1,896,477,5,34,"1,412"
Maynard,-,2,814,496,5,29,"1,344"
Maynard,-,3,883,489,9,28,"1,409"
Maynard,-,4,812,464,2,32,"1,310"
Medfield,-,1,"1,211",434,2,47,"1,694"
Medfield,-,2,"1,222",349,3,56,"1,630"
Medfield,-,3,"1,293",349,3,39,"1,684"
Medfield,-,4,"1,237",346,3,66,"1,652"
Medford,1,1,846,598,5,32,"1,481"
Medford,1,2,863,653,5,39,"1,560"
Medford,2,1,951,594,9,58,"1,612"
Medford,2,2,"1,142",617,14,57,"1,830"
Medford,3,1,"1,072",677,9,63,"1,821"
Medford,3,2,"1,215",667,3,73,"1,958"
Medford,4,1,385,575,3,14,977
Medford,4,2,925,841,8,43,"1,817"
Medford,5,1,758,905,2,40,"1,705"
Medford,5,2,537,720,1,26,"1,284"
Medford,6,1,956,"1,029",2,46,"2,033"
Medford,6,2,976,732,5,47,"1,760"
Medford,7,1,564,402,4,14,984
Medford,7,2,796,658,2,29,"1,485"
Medford,8,1,"1,001",724,4,51,"1,780"
Medford,8,2,776,680,7,41,"1,504"
Medway,-,1,"1,159",302,9,37,"1,507"
Medway,-,2,"1,183",371,9,39,"1,602"
Medway,-,3,"1,188",399,8,49,"1,644"
Medway,-,4,"1,302",330,6,33,"1,671"
Melrose,1,1,679,395,3,31,"1,108"
Melrose,1,2,667,359,2,34,"1,062"
Melrose,2,1,804,330,5,37,"1,176"
Melrose,2,2,685,300,2,35,"1,022"
Melrose,3,1,618,379,5,30,"1,032"
Melrose,3,2,599,334,4,31,968
Melrose,4,1,571,357,8,34,970
Melrose,4,2,869,276,2,39,"1,186"
Melrose,5,1,623,431,1,28,"1,083"
Melrose,5,2,585,347,4,26,962
Melrose,6,1,542,359,5,29,935
Melrose,6,2,767,291,8,34,"1,100"
Melrose,7,1,618,354,3,30,"1,005"
Melrose,7,2,702,349,8,29,"1,088"
Mendon,-,1,"2,281",570,4,78,"2,933"
Merrimac,-,1,"1,261",385,5,62,"1,713"
Merrimac,-,2,"1,281",371,7,56,"1,715"
Methuen,-,1,"1,024",413,11,32,"1,480"
Methuen,-,2,333,359,3,21,716
Methuen,-,3,"1,019",314,11,28,"1,372"
Methuen,-,4,990,358,3,47,"1,398"
Methuen,-,5,777,356,4,37,"1,174"
Methuen,-,6,979,377,7,43,"1,406"
Methuen,-,7,"1,194",327,3,66,"1,590"
Methuen,-,8,"1,619",355,6,66,"2,046"
Methuen,-,9,"1,298",294,13,63,"1,668"
Methuen,-,10,965,427,5,50,"1,447"
Methuen,-,11,"1,505",337,4,75,"1,921"
Methuen,-,12,"1,216",319,17,47,"1,599"
Middleborough,-,1,"1,910",403,7,97,"2,417"
Middleborough,-,2,"1,095",366,3,56,"1,520"
Middleborough,-,3,"1,417",340,6,54,"1,817"
Middleborough,-,4,932,334,5,43,"1,314"
Middleborough,-,5,"1,463",308,4,79,"1,854"
Middleborough,-,6,"1,204",263,5,55,"1,527"
Middlefield,-,1,165,84,0,12,261
Middleton,-,1,"1,640",381,0,83,"2,104"
Middleton,-,2,"1,766",336,0,101,"2,203"
Milford,-,1,562,234,3,22,821
Milford,-,2,904,308,7,37,"1,256"
Milford,-,3,944,284,5,42,"1,275"
Milford,-,4,654,274,4,25,957
Milford,-,5,"1,385",364,4,39,"1,792"
Milford,-,6,994,299,0,36,"1,329"
Milford,-,7,"1,272",361,3,61,"1,697"
Milford,-,8,"1,115",305,3,50,"1,473"
Millbury,-,1,"1,073",299,5,24,"1,401"
Millbury,-,2,"1,447",258,6,30,"1,741"
Millbury,-,3,"1,112",260,1,29,"1,402"
Millbury,-,4,"1,070",262,3,25,"1,360"
Millis,-,1,"1,040",336,2,39,"1,417"
Millis,-,2,"1,097",320,3,39,"1,459"
Millis,-,3,"1,089",344,0,38,"1,471"
Millville,-,1,"1,018",253,0,26,"1,297"
Milton,-,1,709,677,0,38,"1,424"
Milton,-,2,894,586,4,25,"1,509"
Milton,-,3,"1,075",451,1,53,"1,580"
Milton,-,4,805,579,5,46,"1,435"
Milton,-,5,822,338,3,42,"1,205"
Milton,-,6,"1,110",366,6,61,"1,543"
Milton,-,7,965,357,1,56,"1,379"
Milton,-,8,"1,052",371,8,67,"1,498"
Milton,-,9,"1,113",320,4,65,"1,502"
Milton,-,10,490,495,1,26,"1,012"
Monroe,-,1,32,15,0,1,48
Monson,-,A,957,214,7,38,"1,216"
Monson,-,B,954,258,5,41,"1,258"
Monson,-,C,968,293,5,40,"1,306"
Montague,-,1,380,483,1,18,882
Montague,-,2,357,245,1,17,620
Montague,-,3,405,175,1,8,589
Montague,-,4,410,230,1,12,653
Montague,-,5,181,241,1,10,433
Montague,-,6,313,208,0,18,539
Monterey,-,1,183,278,0,8,469
Montgomery,-,1,362,76,0,18,456
"Mount Washington",-,1,48,47,1,1,97
Nahant,-,1,"1,499",546,8,48,"2,101"
Nantucket,-,1,"2,388","1,750",10,57,"4,205"
Natick,-,1,627,424,0,13,"1,064"
Natick,-,2,"1,233",575,0,33,"1,841"
Natick,-,3,"1,261",498,3,44,"1,806"
Natick,-,4,"1,005",581,6,40,"1,632"
Natick,-,5,"1,155",552,2,54,"1,763"
Natick,-,6,"1,132",522,0,33,"1,687"
Natick,-,7,"1,184",602,3,36,"1,825"
Natick,-,8,"1,179",591,3,51,"1,824"
Natick,-,9,"1,112",593,5,45,"1,755"
Natick,-,10,"1,494",618,0,40,"2,152"
Needham,-,A,892,472,3,30,"1,397"
Needham,-,B,"1,159",487,6,34,"1,686"
Needham,-,C,"1,114",476,2,23,"1,615"
Needham,-,D,"1,036",531,1,29,"1,597"
Needham,-,E,"1,165",521,3,34,"1,723"
Needham,-,F,980,592,1,40,"1,613"
Needham,-,G,"1,130",530,2,44,"1,706"
Needham,-,H,"1,133",526,4,40,"1,703"
Needham,-,I,"1,072",622,3,23,"1,720"
Needham,-,J,"1,041",612,3,29,"1,685"
"New Ashford",-,1,77,48,0,0,125
"New Bedford",1,A,656,292,4,35,987
"New Bedford",1,B,558,272,0,34,864
"New Bedford",1,C,558,283,2,31,874
"New Bedford",1,D,630,281,2,44,957
"New Bedford",1,E,518,285,0,20,823
"New Bedford",1,F,595,314,3,46,958
"New Bedford",2,A,80,106,0,1,187
"New Bedford",2,B,260,203,0,10,473
"New Bedford",2,C,198,167,3,11,379
"New Bedford",2,D,323,211,1,22,557
"New Bedford",2,E,448,284,8,18,758
"New Bedford",2,F,386,255,1,21,663
"New Bedford",3,A,150,169,1,10,330
"New Bedford",3,B,167,205,1,11,384
"New Bedford",3,C,195,191,0,12,398
"New Bedford",3,D,308,225,1,13,547
"New Bedford",3,E,481,381,4,32,898
"New Bedford",3,F,490,336,1,15,842
"New Bedford",4,A,128,255,0,18,401
"New Bedford",4,B,280,428,6,16,730
"New Bedford",4,C,308,392,1,34,735
"New Bedford",4,D,267,330,1,12,610
"New Bedford",4,E,305,266,4,22,597
"New Bedford",4,F,261,325,1,14,601
"New Bedford",5,A,237,223,0,18,478
"New Bedford",5,B,391,410,3,20,824
"New Bedford",5,C,388,281,2,28,699
"New Bedford",5,D,491,437,5,20,953
"New Bedford",5,E,697,387,5,35,"1,124"
"New Bedford",5,F,613,430,9,46,"1,098"
"New Bedford",6,A,508,265,4,39,816
"New Bedford",6,B,409,283,3,26,721
"New Bedford",6,C,131,164,0,6,301
"New Bedford",6,D,107,123,1,15,246
"New Bedford",6,E,200,176,1,25,402
"New Bedford",6,F,251,258,1,16,526
"New Braintree",-,1,403,104,1,16,524
"New Marlborough",-,1,343,419,0,17,779
"New Salem",-,1,313,216,1,5,535
Newbury,-,1,"1,454",531,3,75,"2,063"
Newbury,-,2,"1,550",452,11,68,"2,081"
Newburyport,1,1,873,459,0,32,"1,364"
Newburyport,2,1,"1,103",600,0,28,"1,731"
Newburyport,3,1,"1,122",522,0,39,"1,683"
Newburyport,4,1,"1,333",559,0,45,"1,937"
Newburyport,5,1,"1,118",339,0,61,"1,518"
Newburyport,6,1,"1,203",381,0,41,"1,625"
Newburyport,1,P,305,116,0,18,439
Newton,1,1,649,449,4,34,"1,136"
Newton,1,2,612,670,6,29,"1,317"
Newton,1,3,640,620,6,27,"1,293"
Newton,1,4,750,468,3,40,"1,261"
Newton,2,1,673,637,3,45,"1,358"
Newton,2,2,489,432,3,30,954
Newton,2,3,789,710,1,28,"1,528"
Newton,2,4,761,717,2,33,"1,513"
Newton,3,1,733,646,3,38,"1,420"
Newton,3,2,842,590,2,16,"1,450"
Newton,3,3,773,569,10,52,"1,404"
Newton,3,4,755,561,3,29,"1,348"
Newton,4,1,706,549,1,24,"1,280"
Newton,4,2,558,680,3,24,"1,265"
Newton,4,3,497,388,1,19,905
Newton,4,4,673,523,2,32,"1,230"
Newton,5,1,692,557,7,38,"1,294"
Newton,5,2,689,648,3,35,"1,375"
Newton,5,3,928,678,1,36,"1,643"
Newton,5,4,846,712,3,24,"1,585"
Newton,6,1,736,496,1,23,"1,256"
Newton,6,2,687,729,1,18,"1,435"
Newton,6,3,700,812,0,33,"1,545"
Newton,6,4,822,731,9,20,"1,582"
Newton,7,1,772,390,6,30,"1,198"
Newton,7,2,916,649,1,31,"1,597"
Newton,7,3,213,206,0,9,428
Newton,7,4,439,220,1,18,678
Newton,8,1,"1,011",526,1,38,"1,576"
Newton,8,2,902,445,2,28,"1,377"
Newton,8,3,878,564,5,25,"1,472"
Newton,8,4,558,316,2,21,897
Norfolk,-,1,892,222,5,24,"1,143"
Norfolk,-,2,"1,677",487,6,81,"2,251"
Norfolk,-,3,"1,480",396,4,41,"1,921"
"N. Adams",1,1,535,398,1,30,964
"N. Adams",2,2,393,398,2,15,808
"N. Adams",3,3,287,402,1,10,700
"N. Adams",4,4,562,423,2,26,"1,013"
"N. Adams",5,5,414,413,0,37,864
"N. Andover",-,1,"1,062",380,0,49,"1,491"
"N. Andover",-,2,"1,281",405,0,45,"1,731"
"N. Andover",-,3,"1,139",356,0,47,"1,542"
"N. Andover",-,4,"1,429",454,0,63,"1,946"
"N. Andover",-,5,891,294,0,16,"1,201"
"N. Andover",-,6,"1,502",308,0,64,"1,874"
"N. Andover",-,7,"1,298",389,0,55,"1,742"
"N. Andover",-,8,"1,461",338,0,62,"1,861"
"N. Attleborough",-,1,716,308,3,25,"1,052"
"N. Attleborough",-,2,"1,017",328,0,30,"1,375"
"N. Attleborough",-,3,"1,137",305,1,42,"1,485"
"N. Attleborough",-,4,715,286,3,26,"1,030"
"N. Attleborough",-,5,838,295,3,42,"1,178"
"N. Attleborough",-,6,"1,112",320,1,36,"1,469"
"N. Attleborough",-,7,"1,261",312,3,44,"1,620"
"N. Attleborough",-,8,"1,136",297,1,33,"1,467"
"N. Attleborough",-,9,999,311,2,43,"1,355"
"N. Brookfield",-,1,"1,632",369,9,52,"2,062"
"N. Reading",-,1,"1,505",340,7,69,"1,921"
"N. Reading",-,2,"1,271",360,4,71,"1,706"
"N. Reading",-,3,"1,448",380,8,66,"1,902"
"N. Reading",-,4,"1,537",365,1,81,"1,984"
Northampton,1,A,242,593,3,10,848
Northampton,1,B,491,757,1,29,"1,278"
Northampton,2,A,290,873,0,24,"1,187"
Northampton,2,B,186,518,0,12,716
Northampton,3,A,304,891,2,18,"1,215"
Northampton,3,B,293,805,1,20,"1,119"
Northampton,4,A,208,625,0,20,853
Northampton,4,B,271,779,1,20,"1,071"
Northampton,5,A,369,606,2,17,994
Northampton,5,B,369,724,0,22,"1,115"
Northampton,6,A,563,506,0,21,"1,090"
Northampton,6,B,584,668,0,24,"1,276"
Northampton,7,A,493,709,1,21,"1,224"
Northampton,7,B,561,667,2,23,"1,253"
Northborough,-,1,"1,392",517,4,37,"1,950"
Northborough,-,2,"1,387",443,4,33,"1,867"
Northborough,-,3,"1,428",458,9,53,"1,948"
Northborough,-,4,"1,435",495,8,49,"1,987"
Northbridge,-,1,"1,369",281,4,43,"1,697"
Northbridge,-,2,"1,368",308,4,38,"1,718"
Northbridge,-,3,"1,175",259,2,47,"1,483"
Northbridge,-,4,"1,783",305,0,63,"2,151"
Northfield,-,1,919,565,3,21,"1,508"
Norton,-,1,"1,281",391,4,52,"1,728"
Norton,-,2,"1,273",369,3,55,"1,700"
Norton,-,3,"1,135",406,5,52,"1,598"
Norton,-,4,"1,363",407,8,42,"1,820"
Norton,-,5,773,228,7,19,"1,027"
Norwell,-,1,"1,452",365,5,83,"1,905"
Norwell,-,2,"1,578",378,8,91,"2,055"
Norwell,-,3,"1,504",411,11,57,"1,983"
Norwood,-,1,"1,113",458,7,63,"1,641"
Norwood,-,2,999,402,10,47,"1,458"
Norwood,-,3,"1,053",425,3,57,"1,538"
Norwood,-,4,"1,240",408,6,64,"1,718"
Norwood,-,5,709,410,4,32,"1,155"
Norwood,-,6,740,307,3,30,"1,080"
Norwood,-,7,897,388,6,45,"1,336"
Norwood,-,8,"1,105",452,7,43,"1,607"
Norwood,-,9,"1,191",367,17,47,"1,622"
"Oak Bluffs",-,1,"1,493","1,019",0,58,"2,570"
Oakham,-,1,761,168,1,33,963
Orange,-,1,955,344,0,30,"1,329"
Orange,-,2,955,355,0,26,"1,336"
Orleans,-,1,"2,851","1,159",3,92,"4,105"
Otis,-,1,450,271,2,14,737
Oxford,-,1,"1,122",255,4,36,"1,417"
Oxford,-,2,"1,051",254,7,22,"1,334"
Oxford,-,3,"1,147",276,4,35,"1,462"
Oxford,-,4,"1,020",253,6,23,"1,302"
Palmer,-,1,868,234,5,39,"1,146"
Palmer,-,1A,124,26,1,4,155
Palmer,-,2,"1,003",244,6,38,"1,291"
Palmer,-,3,736,243,8,30,"1,017"
Palmer,-,4,830,230,3,41,"1,104"
Paxton,-,1,"1,747",509,8,44,"2,308"
Peabody,1,1,983,257,11,45,"1,296"
Peabody,1,2,"1,125",268,9,61,"1,463"
Peabody,1,3,"1,193",293,11,63,"1,560"
Peabody,2,1,546,273,5,19,843
Peabody,2,2,545,272,3,19,839
Peabody,2,3,785,282,5,45,"1,117"
Peabody,3,1,416,217,2,25,660
Peabody,3,2,670,274,4,26,974
Peabody,3,3,847,288,5,38,"1,178"
Peabody,4,1,889,298,7,48,"1,242"
Peabody,4,2,867,272,4,32,"1,175"
Peabody,4,3,575,155,3,22,755
Peabody,4,3A,985,257,0,34,"1,276"
Peabody,5,1,"1,132",255,7,55,"1,449"
Peabody,5,2,827,230,4,39,"1,100"
Peabody,5,3,960,316,5,48,"1,329"
Peabody,6,1,"1,163",274,10,78,"1,525"
Peabody,6,2,"1,098",245,7,71,"1,421"
Peabody,6,3,"1,155",238,12,56,"1,461"
Pelham,-,1,309,479,1,13,802
Pembroke,-,1,"1,452",366,10,61,"1,889"
Pembroke,-,2,"1,238",369,12,54,"1,673"
Pembroke,-,3,"1,321",377,12,62,"1,772"
Pembroke,-,4,"1,382",350,16,54,"1,802"
Pembroke,-,5,"1,313",298,8,77,"1,696"
Pepperell,-,1,"1,346",334,10,46,"1,736"
Pepperell,-,2,"1,423",433,8,69,"1,933"
Pepperell,-,3,"1,405",396,4,45,"1,850"
Peru,-,1,265,152,0,14,431
Petersham,-,1,488,223,0,23,734
Phillipston,-,1,659,168,2,15,844
Pittsfield,1,A,437,434,1,28,900
Pittsfield,1,B,678,512,2,32,"1,224"
Pittsfield,2,A,200,356,0,13,569
Pittsfield,2,B,677,567,1,39,"1,284"
Pittsfield,3,A,738,662,1,53,"1,454"
Pittsfield,3,B,861,619,0,61,"1,541"
Pittsfield,4,A,780,671,2,46,"1,499"
Pittsfield,4,B,"1,074",663,0,46,"1,783"
Pittsfield,5,A,518,593,1,39,"1,151"
Pittsfield,5,B,668,553,4,46,"1,271"
Pittsfield,6,A,686,557,1,39,"1,283"
Pittsfield,6,B,425,379,2,24,830
Pittsfield,7,A,304,389,1,24,718
Pittsfield,7,B,709,562,1,45,"1,317"
Plainfield,-,1,173,200,1,4,378
Plainville,-,1,"1,106",304,4,40,"1,454"
Plainville,-,2,"1,025",320,4,29,"1,378"
Plainville,-,3,"1,013",275,1,31,"1,320"
Plymouth,-,1,954,393,4,35,"1,386"
Plymouth,-,2,"1,406",435,9,56,"1,906"
Plymouth,-,3,978,401,3,45,"1,427"
Plymouth,-,4,"1,183",400,3,42,"1,628"
Plymouth,-,5,"1,484",391,7,72,"1,954"
Plymouth,-,6,"1,384",450,7,57,"1,898"
Plymouth,-,7,"1,259",433,12,63,"1,767"
Plymouth,-,8,"1,444",451,8,71,"1,974"
Plymouth,-,9,"1,101",327,6,48,"1,482"
Plymouth,-,10,940,242,5,37,"1,224"
Plymouth,-,11,"1,600",367,7,64,"2,038"
Plymouth,-,12,"1,433",428,5,46,"1,912"
Plymouth,-,13,"1,405",354,12,53,"1,824"
Plymouth,-,14,"1,409",376,16,57,"1,858"
Plymouth,-,15,"2,983",760,8,108,"3,859"
Plympton,-,1,"1,154",328,5,54,"1,541"
Princeton,-,1,"1,473",527,11,49,"2,060"
Provincetown,-,1,833,"1,277",2,28,"2,140"
Quincy,1,1,694,336,7,49,"1,086"
Quincy,1,2,471,286,3,68,828
Quincy,1,3,683,476,5,43,"1,207"
Quincy,1,4,"1,117",373,8,60,"1,558"
Quincy,1,5,"1,124",433,11,63,"1,631"
Quincy,2,1,713,348,5,39,"1,105"
Quincy,2,2,579,340,4,29,952
Quincy,2,3,274,159,2,15,450
Quincy,2,3A,213,43,0,15,271
Quincy,2,4,520,361,3,21,905
Quincy,2,5,762,387,5,38,"1,192"
Quincy,3,1,889,490,3,39,"1,421"
Quincy,3,2,706,399,6,41,"1,152"
Quincy,3,3,439,270,7,23,739
Quincy,3,4,887,368,7,59,"1,321"
Quincy,3,5,414,285,4,24,727
Quincy,4,1,692,416,9,30,"1,147"
Quincy,4,2,892,431,7,47,"1,377"
Quincy,4,3,990,365,4,47,"1,406"
Quincy,4,4,496,392,2,20,910
Quincy,4,5,659,356,4,29,"1,048"
Quincy,5,1,603,433,3,36,"1,075"
Quincy,5,2,576,426,1,32,"1,035"
Quincy,5,3,796,454,10,42,"1,302"
Quincy,5,4,812,369,4,44,"1,229"
Quincy,5,5,646,377,4,54,"1,081"
Quincy,6,1,624,335,5,22,986
Quincy,6,2,442,300,2,20,764
Quincy,6,3,"1,055",375,4,51,"1,485"
Quincy,6,4,557,344,5,27,933
Quincy,6,5,"1,258",435,10,73,"1,776"
Randolph,-,1,567,458,4,21,"1,050"
Randolph,-,2,446,390,2,20,858
Randolph,-,3,483,492,0,31,"1,006"
Randolph,-,4,574,475,4,28,"1,081"
Randolph,-,5,498,394,1,28,921
Randolph,-,6,463,421,1,21,906
Randolph,-,7,522,432,5,23,982
Randolph,-,8,562,458,4,22,"1,046"
Randolph,-,9,522,450,2,10,984
Randolph,-,10,529,476,2,25,"1,032"
Randolph,-,11,627,417,5,20,"1,069"
Randolph,-,12,640,454,4,26,"1,124"
Raynham,-,1,"1,052",295,0,48,"1,395"
Raynham,-,1A,140,32,0,11,183
Raynham,-,2,995,232,0,57,"1,284"
Raynham,-,2A,203,48,0,17,268
Raynham,-,3,"1,262",334,0,73,"1,669"
Raynham,-,4,"1,099",277,6,36,"1,418"
Reading,-,1,"1,389",415,8,51,"1,863"
Reading,-,2,"1,103",413,3,43,"1,562"
Reading,-,3,"1,480",448,6,70,"2,004"
Reading,-,4,"1,214",411,4,58,"1,687"
Reading,-,5,"1,072",464,6,44,"1,586"
Reading,-,6,977,350,4,51,"1,382"
Reading,-,7,"1,267",424,6,53,"1,750"
Reading,-,8,"1,220",339,6,45,"1,610"
Rehoboth,-,1,"1,273",419,0,48,"1,740"
Rehoboth,-,2,"1,226",433,0,46,"1,705"
Rehoboth,-,3,"1,360",443,0,25,"1,828"
Revere,1,1,507,317,6,27,857
Revere,1,2,443,303,1,23,770
Revere,1,3,438,254,3,23,718
Revere,2,1,285,264,0,17,566
Revere,2,2,324,313,1,17,655
Revere,2,3,87,162,0,8,257
Revere,2,3A,65,43,0,3,111
Revere,3,1,480,259,6,25,770
Revere,3,2,403,295,3,28,729
Revere,3,3,413,266,5,25,709
Revere,4,1,495,263,2,37,797
Revere,4,2,428,244,1,33,706
Revere,4,3,594,262,3,22,881
Revere,5,1,513,192,5,34,744
Revere,5,1A,404,132,2,17,555
Revere,5,2,282,130,1,17,430
Revere,5,2A,174,114,1,12,301
Revere,5,3,472,307,6,27,812
Revere,6,1,709,226,5,44,984
Revere,6,2,696,283,7,43,"1,029"
Revere,6,3,392,242,2,24,660
Richmond,-,1,462,386,2,19,869
Rochester,-,1,"2,111",584,19,106,"2,820"
Rockland,-,1,"1,040",317,3,41,"1,401"
Rockland,-,2,"1,124",307,10,50,"1,491"
Rockland,-,3,742,224,7,35,"1,008"
Rockland,-,4,852,312,9,38,"1,211"
Rockland,-,5,883,169,4,43,"1,099"
Rockland,-,6,"1,095",293,11,51,"1,450"
Rockport,-,1,695,341,2,32,"1,070"
Rockport,-,2,"1,011",449,5,30,"1,495"
Rockport,-,3,"1,236",517,5,37,"1,795"
Rowe,-,1,123,69,0,4,196
Rowley,-,1,"2,413",709,19,130,"3,271"
Royalston,-,1,226,99,3,3,331
Royalston,-,2,168,54,0,11,233
Russell,-,1,553,115,3,23,694
Rutland,-,1,"1,064",279,11,30,"1,384"
Rutland,-,2,"1,127",235,9,50,"1,421"
Rutland,-,3,"1,032",248,4,35,"1,319"
Salem,1,1,938,663,7,48,"1,656"
Salem,1,2,214,470,0,22,706
Salem,2,1,818,709,0,35,"1,562"
Salem,2,2,861,825,5,37,"1,728"
Salem,3,1,656,479,3,40,"1,178"
Salem,3,2,798,377,3,41,"1,219"
Salem,4,1,818,449,5,39,"1,311"
Salem,4,2,998,347,5,35,"1,385"
Salem,5,1,761,599,1,33,"1,394"
Salem,5,2,572,571,1,28,"1,172"
Salem,6,1,896,556,2,39,"1,493"
Salem,6,2,764,547,1,44,"1,356"
Salem,7,1,729,691,4,50,"1,474"
Salem,7,2,910,377,7,33,"1,327"
Salisbury,-,1,"1,109",313,4,42,"1,468"
Salisbury,-,2,"1,026",272,3,36,"1,337"
Salisbury,-,3,940,209,5,33,"1,187"
Sandisfield,-,1,189,175,1,9,374
Sandwich,-,1,"1,470",529,6,77,"2,082"
Sandwich,-,2,"1,529",440,10,74,"2,053"
Sandwich,-,3,"1,326",386,5,47,"1,764"
Sandwich,-,4,"1,391",379,6,52,"1,828"
Sandwich,-,5,"1,239",366,1,69,"1,675"
Sandwich,-,6,"1,227",321,11,70,"1,629"
Saugus,-,1,784,246,0,46,"1,076"
Saugus,-,2,758,224,0,55,"1,037"
Saugus,-,3,793,285,0,55,"1,133"
Saugus,-,4,743,203,0,48,994
Saugus,-,5,"1,023",231,0,63,"1,317"
Saugus,-,6,795,265,0,55,"1,115"
Saugus,-,7,954,223,0,81,"1,258"
Saugus,-,8,862,239,0,72,"1,173"
Saugus,-,9,960,234,0,71,"1,265"
Saugus,-,10,702,266,0,37,"1,005"
Savoy,-,1,160,104,0,39,303
Scituate,-,1,"1,340",429,8,57,"1,834"
Scituate,-,2,"1,368",375,6,60,"1,809"
Scituate,-,3,"1,310",399,5,39,"1,753"
Scituate,-,4,"1,380",382,8,69,"1,839"
Scituate,-,5,"1,247",409,2,58,"1,716"
Scituate,-,6,"1,220",425,4,60,"1,709"
Seekonk,-,1,"1,017",351,2,20,"1,390"
Seekonk,-,2,"1,256",455,3,34,"1,748"
Seekonk,-,3,"1,059",462,4,14,"1,539"
Seekonk,-,4,"1,033",375,5,17,"1,430"
Sharon,-,1,"1,080",702,3,48,"1,833"
Sharon,-,2,"1,119",531,5,30,"1,685"
Sharon,-,3,"1,228",598,6,34,"1,866"
Sharon,-,4,"1,104",638,5,35,"1,782"
Sharon,-,5,"1,032",551,5,39,"1,627"
Sheffield,-,1,795,797,0,26,"1,618"
Shelburne,-,1,475,504,3,40,"1,022"
Sherborn,-,1,"1,670",690,1,51,"2,412"
Shirley,-,1,"2,030",679,12,87,"2,808"
Shrewsbury,-,1,"1,529",400,4,46,"1,979"
Shrewsbury,-,2,"1,123",356,3,35,"1,517"
Shrewsbury,-,3,936,301,0,32,"1,269"
Shrewsbury,-,4,"1,200",340,0,24,"1,564"
Shrewsbury,-,5,"1,121",338,0,30,"1,489"
Shrewsbury,-,6,"1,319",393,0,38,"1,750"
Shrewsbury,-,7,"1,577",412,2,34,"2,025"
Shrewsbury,-,8,"1,552",378,0,36,"1,966"
Shrewsbury,-,9,817,292,0,23,"1,132"
Shrewsbury,-,10,"1,219",383,0,30,"1,632"
Shutesbury,-,1,358,767,0,22,"1,147"
Somerset,-,1,"1,132",393,2,39,"1,566"
Somerset,-,2,"1,179",393,1,56,"1,629"
Somerset,-,3,"1,108",472,0,42,"1,622"
Somerset,-,4,"1,035",355,0,30,"1,420"
Somerset,-,5,933,350,0,38,"1,321"
Somerville,1,1,435,614,3,24,"1,076"
Somerville,1,2,723,902,5,43,"1,673"
Somerville,1,3,451,624,8,20,"1,103"
Somerville,2,1,495,"1,126",3,34,"1,658"
Somerville,2,2,553,"1,376",6,26,"1,961"
Somerville,2,3,548,"1,300",6,36,"1,890"
Somerville,3,1,493,"1,160",3,28,"1,684"
Somerville,3,2,553,"1,146",2,19,"1,720"
Somerville,3,3,663,"1,359",3,34,"2,059"
Somerville,4,1,496,534,3,24,"1,057"
Somerville,4,2,446,825,4,22,"1,297"
Somerville,4,3,548,978,1,28,"1,555"
Somerville,5,1,635,"1,126",11,35,"1,807"
Somerville,5,2,697,"1,316",4,39,"2,056"
Somerville,5,3,675,"1,435",3,32,"2,145"
Somerville,6,1,703,"1,539",6,39,"2,287"
Somerville,6,2,715,"1,356",5,43,"2,119"
Somerville,6,3,401,723,1,18,"1,143"
Somerville,7,1,745,"1,272",7,38,"2,062"
Somerville,7,2,526,"1,012",2,25,"1,565"
Somerville,7,3,721,919,4,35,"1,679"
"S. Hadley",-,A,"1,037",497,4,35,"1,573"
"S. Hadley",-,B,"1,194",526,3,30,"1,753"
"S. Hadley",-,C,"1,173",452,8,47,"1,680"
"S. Hadley",-,D,623,413,6,29,"1,071"
"S. Hadley",-,E,"1,238",470,5,47,"1,760"
Southampton,-,1,"2,414",746,0,104,"3,264"
Southborough,-,1,"1,320",426,6,38,"1,790"
Southborough,-,2,"1,165",465,1,28,"1,659"
Southborough,-,3,"1,228",456,7,39,"1,730"
Southbridge,-,1,643,288,3,20,954
Southbridge,-,2,544,231,3,14,792
Southbridge,-,3,730,244,0,17,991
Southbridge,-,4,"1,022",274,7,37,"1,340"
Southbridge,-,5,394,238,4,14,650
Southwick,-,1,"1,337",217,5,32,"1,591"
Southwick,-,2,996,241,4,35,"1,276"
Southwick,-,3,"1,154",237,6,47,"1,444"
Spencer,-,1,894,206,2,20,"1,122"
Spencer,-,2,781,217,7,29,"1,034"
Spencer,-,3,952,216,5,38,"1,211"
Spencer,-,4,952,218,6,25,"1,201"
Springfield,1,A,101,219,2,17,339
Springfield,1,B,179,305,0,12,496
Springfield,1,C,89,196,1,14,300
Springfield,1,D,153,265,0,13,431
Springfield,1,E,156,312,1,16,485
Springfield,1,F,159,219,3,21,402
Springfield,1,G,208,218,1,11,438
Springfield,1,H,179,234,0,14,427
Springfield,2,A,205,198,1,11,415
Springfield,2,B,475,337,3,22,837
Springfield,2,C,226,233,0,8,467
Springfield,2,D,368,299,1,20,688
Springfield,2,E,434,251,1,19,705
Springfield,2,F,354,299,3,16,672
Springfield,2,G,539,274,5,19,837
Springfield,2,H,387,289,2,16,694
Springfield,3,A,128,209,0,14,351
Springfield,3,B,116,211,0,5,332
Springfield,3,C,87,148,1,21,257
Springfield,3,D,126,204,1,17,348
Springfield,3,E,111,171,3,10,295
Springfield,3,F,122,189,2,18,331
Springfield,3,G,110,141,0,7,258
Springfield,3,H,183,192,1,8,384
Springfield,4,A,275,297,1,9,582
Springfield,4,B,212,282,1,16,511
Springfield,4,C,131,244,0,10,385
Springfield,4,D,137,253,1,12,403
Springfield,4,E,126,211,1,11,349
Springfield,4,F,64,102,1,1,168
Springfield,4,G,231,320,1,26,578
Springfield,4,H,181,275,1,14,471
Springfield,5,A,261,258,1,18,538
Springfield,5,B,352,335,4,18,709
Springfield,5,C,351,211,0,14,576
Springfield,5,D,612,262,6,34,914
Springfield,5,E,406,375,4,23,808
Springfield,5,F,511,302,2,26,841
Springfield,5,G,683,294,4,32,"1,013"
Springfield,5,H,513,243,4,16,776
Springfield,6,A,240,245,5,16,506
Springfield,6,B,455,311,3,24,793
Springfield,6,C,371,250,0,15,636
Springfield,6,D,655,273,5,27,960
Springfield,6,E,210,206,0,13,429
Springfield,6,F,247,263,3,10,523
Springfield,6,G,341,254,0,12,607
Springfield,6,H,487,340,5,21,853
Springfield,7,A,554,271,4,24,853
Springfield,7,B,779,290,5,35,"1,109"
Springfield,7,C,712,291,3,41,"1,047"
Springfield,7,D,615,266,5,33,919
Springfield,7,E,342,249,2,14,607
Springfield,7,F,693,289,1,40,"1,023"
Springfield,7,G,812,246,11,33,"1,102"
Springfield,7,H,344,134,0,17,495
Springfield,8,A,397,237,4,16,654
Springfield,8,B,367,268,3,14,652
Springfield,8,C,298,317,4,16,635
Springfield,8,D,171,192,0,16,379
Springfield,8,E,214,176,1,10,401
Springfield,8,F,378,274,1,13,666
Springfield,8,G,436,275,2,29,742
Springfield,8,H,313,274,0,10,597
Sterling,-,1,"1,633",387,6,51,"2,077"
Sterling,-,2,"1,781",405,8,61,"2,255"
Stockbridge,-,1,551,546,2,31,"1,130"
Stoneham,-,1,"1,006",426,0,58,"1,490"
Stoneham,-,2,"1,125",485,0,57,"1,667"
Stoneham,-,3,"1,378",383,0,75,"1,836"
Stoneham,-,4,"1,021",345,0,75,"1,441"
Stoneham,-,5,"1,157",340,0,80,"1,577"
Stoneham,-,6,"1,208",372,0,55,"1,635"
Stoneham,-,7,"1,042",404,0,60,"1,506"
Stoughton,-,1,"1,078",511,1,36,"1,626"
Stoughton,-,2,933,427,0,45,"1,405"
Stoughton,-,3,"1,048",398,3,46,"1,495"
Stoughton,-,4,"1,283",408,7,66,"1,764"
Stoughton,-,5,839,349,3,55,"1,246"
Stoughton,-,6,945,364,1,41,"1,351"
Stoughton,-,7,826,378,3,34,"1,241"
Stoughton,-,8,686,359,8,35,"1,088"
Stow,-,1,"1,438",615,4,47,"2,104"
Stow,-,2,"1,318",589,2,56,"1,965"
Sturbridge,-,1,"1,164",338,8,21,"1,531"
Sturbridge,-,2,"1,331",320,0,33,"1,684"
Sturbridge,-,3,"1,109",304,0,26,"1,439"
Sudbury,-,1,"1,020",398,5,30,"1,453"
Sudbury,-,1A,368,135,0,5,508
Sudbury,-,2,"1,168",625,2,28,"1,823"
Sudbury,-,3,"1,413",550,5,43,"2,011"
Sudbury,-,4,"1,328",625,3,30,"1,986"
Sudbury,-,5,"1,239",590,4,32,"1,865"
Sunderland,-,1,769,806,4,19,"1,598"
Sutton,-,1,"1,403",253,0,49,"1,705"
Sutton,-,2,"1,275",234,0,34,"1,543"
Sutton,-,3,"1,157",242,6,45,"1,450"
Swampscott,-,1,931,237,6,40,"1,214"
Swampscott,-,2,"1,020",330,1,36,"1,387"
Swampscott,-,3,783,330,1,34,"1,148"
Swampscott,-,4,"1,044",326,1,34,"1,405"
Swampscott,-,5,"1,009",251,6,25,"1,291"
Swampscott,-,6,"1,126",276,2,44,"1,448"
Swansea,-,1,"1,018",345,7,26,"1,396"
Swansea,-,2,900,364,2,31,"1,297"
Swansea,-,3,889,329,5,22,"1,245"
Swansea,-,4,989,346,4,27,"1,366"
Swansea,-,5,"1,016",302,2,34,"1,354"
Taunton,1,A,600,314,3,33,950
Taunton,1,B,973,305,7,49,"1,334"
Taunton,2,A,349,230,1,20,600
Taunton,2,B,477,306,2,36,821
Taunton,3,A,683,323,4,38,"1,048"
Taunton,3,B,891,376,12,46,"1,325"
Taunton,4,A,970,297,6,44,"1,317"
Taunton,4,B,891,298,5,35,"1,229"
Taunton,5,A,592,279,3,27,901
Taunton,5,B,515,317,4,33,869
Taunton,6,A,482,219,0,21,722
Taunton,6,B,733,345,6,36,"1,120"
Taunton,7,A,"1,010",323,2,53,"1,388"
Taunton,7,B,"1,093",310,9,49,"1,461"
Taunton,8,A,999,342,5,56,"1,402"
Taunton,8,B,"1,187",319,4,53,"1,563"
Templeton,-,A,962,186,10,27,"1,185"
Templeton,-,B,878,182,0,28,"1,088"
Templeton,-,C,741,171,3,30,945
Tewksbury,-,1,"1,206",331,13,63,"1,613"
Tewksbury,-,1A,"1,424",318,6,62,"1,810"
Tewksbury,-,2,"1,269",354,12,52,"1,687"
Tewksbury,-,2A,"1,134",297,12,67,"1,510"
Tewksbury,-,3,"1,481",402,11,89,"1,983"
Tewksbury,-,3A,"1,590",386,15,76,"2,067"
Tewksbury,-,4,"1,415",356,13,60,"1,844"
Tewksbury,-,4A,"1,357",380,11,75,"1,823"
Tisbury,-,1,"1,205","1,059",5,49,"2,318"
Tolland,-,1,193,54,0,14,261
Topsfield,-,1,"2,689",735,0,190,"3,614"
Townsend,-,1,"1,054",225,0,56,"1,335"
Townsend,-,2,"1,039",253,9,41,"1,342"
Townsend,-,3,"1,069",240,0,51,"1,360"
Truro,-,1,775,650,0,28,"1,453"
Tyngsborough,-,1,"1,004",232,0,67,"1,303"
Tyngsborough,-,2,"1,055",232,0,44,"1,331"
Tyngsborough,-,3,"1,048",275,0,46,"1,369"
Tyngsborough,-,4,"1,172",251,0,63,"1,486"
Tyringham,-,1,135,116,1,9,261
Upton,-,1,"1,535",464,5,63,"2,067"
Upton,-,2,"1,456",409,3,57,"1,925"
Uxbridge,-,1,"1,293",305,0,37,"1,635"
Uxbridge,-,2,"1,120",319,0,29,"1,468"
Uxbridge,-,3,"1,153",266,0,39,"1,458"
Uxbridge,-,4,"1,219",352,0,47,"1,618"
Wakefield,-,1,"1,476",437,4,78,"1,995"
Wakefield,-,2,"1,068",457,11,60,"1,596"
Wakefield,-,3,"1,270",463,10,68,"1,811"
Wakefield,-,4,"1,268",448,5,56,"1,777"
Wakefield,-,5,"1,370",529,10,50,"1,959"
Wakefield,-,6,"1,309",528,10,67,"1,914"
Wakefield,-,7,"1,326",440,11,74,"1,851"
Wales,-,1,627,154,5,22,808
Walpole,-,1,"1,088",348,3,40,"1,479"
Walpole,-,2,"1,211",333,8,69,"1,621"
Walpole,-,3,"1,215",364,1,70,"1,650"
Walpole,-,4,"1,071",338,6,48,"1,463"
Walpole,-,5,"1,051",239,1,49,"1,340"
Walpole,-,6,"1,185",347,11,51,"1,594"
Walpole,-,7,"1,216",331,5,59,"1,611"
Walpole,-,8,"1,242",280,3,33,"1,558"
Waltham,1,1,"1,003",529,7,44,"1,583"
Waltham,1,2,"1,140",497,4,50,"1,691"
Waltham,2,1,"1,019",534,3,41,"1,597"
Waltham,2,2,642,451,7,22,"1,122"
Waltham,3,1,"1,249",434,2,58,"1,743"
Waltham,3,2,"1,063",469,4,48,"1,584"
Waltham,4,1,"1,128",508,3,42,"1,681"
Waltham,4,2,255,119,0,9,383
Waltham,5,1,880,554,4,41,"1,479"
Waltham,5,2,595,574,8,29,"1,206"
Waltham,6,1,731,551,6,28,"1,316"
Waltham,6,2,459,308,1,14,782
Waltham,7,1,918,459,6,44,"1,427"
Waltham,7,2,246,225,0,21,492
Waltham,8,1,562,569,2,23,"1,156"
Waltham,8,2,681,579,5,31,"1,296"
Waltham,9,1,445,434,1,23,903
Waltham,9,2,431,485,0,21,937
Ware,-,A,648,230,4,25,907
Ware,-,B,823,198,4,45,"1,070"
Ware,-,C,"1,153",288,0,53,"1,494"
Wareham,-,1,"1,126",361,7,49,"1,543"
Wareham,-,2,"1,135",420,6,43,"1,604"
Wareham,-,3,"1,159",428,9,56,"1,652"
Wareham,-,4,"1,142",347,5,39,"1,533"
Wareham,-,5,"1,248",403,12,63,"1,726"
Wareham,-,6,"1,035",355,2,53,"1,445"
Warren,-,A,"1,064",273,12,44,"1,393"
Warren,-,B,379,97,0,13,489
Warwick,-,1,238,171,0,9,418
Washington,-,1,159,133,1,7,300
Watertown,-,1,553,513,3,24,"1,093"
Watertown,-,2,543,610,3,28,"1,184"
Watertown,-,3,626,786,2,25,"1,439"
Watertown,-,4,675,805,6,27,"1,513"
Watertown,-,5,590,751,2,30,"1,373"
Watertown,-,6,603,602,1,24,"1,230"
Watertown,-,7,746,671,7,33,"1,457"
Watertown,-,8,784,699,8,34,"1,525"
Watertown,-,9,538,535,8,24,"1,105"
Watertown,-,10,991,703,11,44,"1,749"
Watertown,-,11,729,435,6,40,"1,210"
Watertown,-,12,641,445,1,36,"1,123"
Wayland,-,1,"1,218",665,0,43,"1,926"
Wayland,-,2,"1,111",661,0,47,"1,819"
Wayland,-,3,"1,098",634,1,37,"1,770"
Wayland,-,4,"1,393",593,0,49,"2,035"
Webster,-,1,709,209,7,26,951
Webster,-,2,407,209,4,12,632
Webster,-,3,790,196,7,18,"1,011"
Webster,-,4,"1,360",262,13,42,"1,677"
Webster,-,5,957,249,5,22,"1,233"
Wellesley,-,A,"1,235",551,3,33,"1,822"
Wellesley,-,B,"1,250",701,0,39,"1,990"
Wellesley,-,C,"1,458",333,3,29,"1,823"
Wellesley,-,D,"1,344",632,1,38,"2,015"
Wellesley,-,E,"1,161",480,2,25,"1,668"
Wellesley,-,F,791,318,2,17,"1,128"
Wellesley,-,G,517,438,1,13,969
Wellesley,-,H,"1,163",564,8,32,"1,767"
Wellfleet,-,1,"1,040",932,8,46,"2,026"
Wendell,-,1,179,315,0,15,509
Wenham,-,1,"1,593",482,0,57,"2,132"
"W. Boylston",-,1,"1,257",288,9,34,"1,588"
"W. Boylston",-,2,"1,698",439,5,64,"2,206"
"W. Bridgewater",-,1,"1,394",313,2,79,"1,788"
"W. Bridgewater",-,2,"1,321",297,7,63,"1,688"
"W. Brookfield",-,1,"1,366",338,10,45,"1,759"
"W. Newbury",-,1,"1,916",641,9,79,"2,645"
"W. Springfield",-,1,313,188,0,4,505
"W. Springfield",-,2,430,260,3,20,713
"W. Springfield",-,3,780,254,1,32,"1,067"
"W. Springfield",-,4,905,295,5,41,"1,246"
"W. Springfield",-,5,"1,436",279,0,68,"1,783"
"W. Springfield",-,6,"1,239",298,3,61,"1,601"
"W. Springfield",-,7,"1,377",259,4,65,"1,705"
"W. Springfield",-,8,698,255,0,34,987
"W. Stockbridge",-,1,340,443,0,30,813
"W. Tisbury",-,1,902,965,1,52,"1,920"
Westborough,-,1,757,336,4,17,"1,114"
Westborough,-,2,808,335,0,15,"1,158"
Westborough,-,3,"1,046",536,8,30,"1,620"
Westborough,-,4,"1,461",618,7,32,"2,118"
Westborough,-,5,"1,415",488,9,44,"1,956"
Westfield,1,A,"1,234",302,9,55,"1,600"
Westfield,1,B,"1,076",280,5,50,"1,411"
Westfield,2,A,449,232,2,25,708
Westfield,2,B,759,251,0,42,"1,052"
Westfield,3,A,453,236,2,17,708
Westfield,3,B,943,299,1,29,"1,272"
Westfield,4,A,449,149,0,12,610
Westfield,4,B,"1,439",311,6,37,"1,793"
Westfield,5,A,"1,325",306,7,63,"1,701"
Westfield,5,B,"1,296",278,3,64,"1,641"
Westfield,6,A,"1,127",253,3,62,"1,445"
Westfield,6,B,865,235,4,41,"1,145"
Westford,-,1,"1,553",478,3,78,"2,112"
Westford,-,2,"1,399",570,8,64,"2,041"
Westford,-,3,"1,499",476,11,50,"2,036"
Westford,-,4,"1,428",502,7,44,"1,981"
Westford,-,5,"1,377",482,3,51,"1,913"
Westford,-,6,"1,341",388,6,46,"1,781"
Westhampton,-,1,652,329,1,25,"1,007"
Westminster,-,1,"1,553",378,2,49,"1,982"
Westminster,-,2,"1,538",355,25,46,"1,964"
Weston,-,1,"1,011",454,5,24,"1,494"
Weston,-,2,937,371,4,34,"1,346"
Weston,-,3,973,314,6,24,"1,317"
Weston,-,4,"1,036",346,4,25,"1,411"
Westport,-,A,880,396,0,44,"1,320"
Westport,-,B,"1,236",481,0,70,"1,787"
Westport,-,C,822,337,0,50,"1,209"
Westport,-,D,838,364,0,35,"1,237"
Westport,-,E,"1,193",466,0,49,"1,708"
Westwood,-,1,"1,526",526,3,53,"2,108"
Westwood,-,2,"1,562",520,4,59,"2,145"
Westwood,-,3,"1,567",470,4,63,"2,104"
Westwood,-,4,"1,365",471,4,94,"1,934"
Weymouth,-,1,864,416,10,37,"1,327"
Weymouth,-,2,"1,098",367,13,70,"1,548"
Weymouth,-,3,"1,140",336,11,63,"1,550"
Weymouth,-,4,967,376,6,58,"1,407"
Weymouth,-,5,716,341,3,40,"1,100"
Weymouth,-,6,"1,062",403,4,53,"1,522"
Weymouth,-,7,873,355,9,37,"1,274"
Weymouth,-,8,963,392,10,39,"1,404"
Weymouth,-,9,"1,120",348,7,63,"1,538"
Weymouth,-,10,636,318,1,36,991
Weymouth,-,11,955,338,6,45,"1,344"
Weymouth,-,12,"1,057",348,18,50,"1,473"
Weymouth,-,13,626,304,5,27,962
Weymouth,-,14,781,335,6,37,"1,159"
Weymouth,-,15,"1,105",356,4,53,"1,518"
Weymouth,-,16,"1,167",403,11,69,"1,650"
Weymouth,-,17,720,325,8,31,"1,084"
Weymouth,-,18,"1,456",472,11,91,"2,030"
Whately,-,1,562,324,1,10,897
Whitman,-,1,"1,423",384,7,66,"1,880"
Whitman,-,2,"1,156",358,9,71,"1,594"
Whitman,-,3,"1,273",369,9,46,"1,697"
Whitman,-,4,"1,179",347,6,74,"1,606"
Wilbraham,-,A,"1,380",314,4,80,"1,778"
Wilbraham,-,B,"1,335",331,9,58,"1,733"
Wilbraham,-,C,"1,344",300,4,65,"1,713"
Wilbraham,-,D,"1,488",313,3,79,"1,883"
Williamsburg,-,1,671,859,0,27,"1,557"
Williamstown,-,1,589,760,2,17,"1,368"
Williamstown,-,2,154,366,0,8,528
Williamstown,-,3,511,776,1,20,"1,308"
Wilmington,-,1,"1,416",352,12,66,"1,846"
Wilmington,-,2,"1,395",345,8,72,"1,820"
Wilmington,-,3,"1,381",341,7,56,"1,785"
Wilmington,-,4,"1,475",401,10,97,"1,983"
Wilmington,-,5,"1,461",422,11,64,"1,958"
Wilmington,-,6,"1,430",382,17,73,"1,902"
Winchendon,-,1,664,166,3,17,850
Winchendon,-,1A,206,60,1,5,272
Winchendon,-,2,940,255,5,41,"1,241"
Winchendon,-,3,971,217,6,26,"1,220"
Winchester,-,1,923,458,0,47,"1,428"
Winchester,-,2,797,405,0,51,"1,253"
Winchester,-,3,"1,013",556,0,33,"1,602"
Winchester,-,4,"1,081",406,0,54,"1,541"
Winchester,-,5,"1,110",355,0,43,"1,508"
Winchester,-,6,989,351,0,39,"1,379"
Winchester,-,7,"1,113",387,0,35,"1,535"
Winchester,-,8,692,343,0,38,"1,073"
Windsor,-,1,246,193,0,18,457
Winthrop,-,1,974,320,6,64,"1,364"
Winthrop,-,2,925,281,4,50,"1,260"
Winthrop,-,3,845,392,5,50,"1,292"
Winthrop,-,4,832,265,7,38,"1,142"
Winthrop,-,5,971,353,5,57,"1,386"
Winthrop,-,6,844,373,6,36,"1,259"
Woburn,1,1,695,294,3,27,"1,019"
Woburn,1,2,875,310,2,53,"1,240"
Woburn,2,1,789,354,5,43,"1,191"
Woburn,2,2,529,300,1,30,860
Woburn,3,1,793,299,2,40,"1,134"
Woburn,3,2,"1,128",329,2,62,"1,521"
Woburn,4,1,"1,033",344,2,57,"1,436"
Woburn,4,2,703,335,5,50,"1,093"
Woburn,5,1,895,386,1,43,"1,325"
Woburn,5,2,965,330,8,38,"1,341"
Woburn,6,1,469,231,1,14,715
Woburn,6,2,843,310,4,62,"1,219"
Woburn,7,1,"1,126",321,7,77,"1,531"
Woburn,7,2,985,269,1,54,"1,309"
Worcester,1,1,"1,241",493,2,31,"1,767"
Worcester,1,2,"1,345",439,6,38,"1,828"
Worcester,1,3,768,281,6,15,"1,070"
Worcester,1,4,"1,122",654,4,28,"1,808"
Worcester,1,5,"1,006",463,3,38,"1,510"
Worcester,2,1,"1,048",463,9,46,"1,566"
Worcester,2,2,"1,047",475,4,29,"1,555"
Worcester,2,3,954,415,4,33,"1,406"
Worcester,2,4,536,536,4,15,"1,091"
Worcester,2,5,213,241,1,9,464
Worcester,3,1,605,414,1,28,"1,048"
Worcester,3,2,149,192,1,9,351
Worcester,3,3,522,392,4,22,940
Worcester,3,4,258,323,2,7,590
Worcester,3,5,636,389,0,20,"1,045"
Worcester,4,1,312,283,2,17,614
Worcester,4,2,544,321,5,19,889
Worcester,4,3,204,344,2,8,558
Worcester,4,4,601,313,1,15,930
Worcester,4,5,774,400,4,26,"1,204"
Worcester,5,1,361,331,2,13,707
Worcester,5,2,773,400,2,20,"1,195"
Worcester,5,3,"1,041",403,2,35,"1,481"
Worcester,5,4,878,430,2,30,"1,340"
Worcester,5,5,831,400,5,23,"1,259"
Worcester,6,1,180,261,0,12,453
Worcester,6,2,325,347,0,16,688
Worcester,6,3,410,347,3,15,775
Worcester,6,4,250,169,3,7,429
Worcester,6,5,660,373,1,23,"1,057"
Worcester,7,1,759,487,0,28,"1,274"
Worcester,7,2,408,377,5,17,807
Worcester,7,3,673,458,5,23,"1,159"
Worcester,7,4,696,396,3,26,"1,121"
Worcester,7,5,810,392,3,30,"1,235"
Worcester,8,1,214,242,0,10,466
Worcester,8,2,189,275,0,11,475
Worcester,8,3,123,344,2,5,474
Worcester,8,4,285,393,0,10,688
Worcester,8,5,323,284,1,12,620
Worcester,9,1,707,511,3,34,"1,255"
Worcester,9,2,908,603,7,40,"1,558"
Worcester,9,3,701,354,4,22,"1,081"
Worcester,9,4,"1,070",455,4,36,"1,565"
Worcester,9,5,"1,084",451,4,27,"1,566"
Worcester,10,1,280,334,4,18,636
Worcester,10,2,262,375,1,10,648
Worcester,10,3,180,326,1,13,520
Worcester,10,4,172,284,0,12,468
Worcester,10,5,171,300,0,10,481
Worthington,-,1,399,270,1,17,687
Wrentham,-,1,"1,404",335,8,35,"1,782"
Wrentham,-,2,"1,507",368,12,49,"1,936"
Wrentham,-,3,"1,440",375,13,45,"1,873"
Yarmouth,-,1,"1,448",502,9,40,"1,999"
Yarmouth,-,2,"1,479",397,7,56,"1,939"
Yarmouth,-,3,981,339,5,23,"1,348"
Yarmouth,-,4,"1,254",372,10,45,"1,681"
Yarmouth,-,5,"1,085",366,7,28,"1,486"
Yarmouth,-,6,"1,089",374,9,44,"1,516"
Yarmouth,-,7,"1,802",433,7,65,"2,307"
TOTALS,,,"1,781,341","885,770","7,504","78,050","2,752,665"
